Glyph Number,Page,Position,Section,NBS Glyph Number
1,88,1,"Simplex, FORTRAN",1
2,88,2,"Simplex, FORTRAN",2
3,88,3,"Simplex, FORTRAN",3
4,88,4,"Simplex, FORTRAN",4
5,88,5,"Simplex, FORTRAN",5
6,88,6,"Simplex, FORTRAN",6
7,88,7,"Simplex, FORTRAN",7
8,88,8,"Simplex, FORTRAN",8
9,88,9,"Simplex, FORTRAN",9
10,88,10,"Simplex, FORTRAN",10
11,88,11,"Simplex, FORTRAN",11
12,88,12,"Simplex, FORTRAN",12
13,88,13,"Simplex, FORTRAN",13
14,88,14,"Simplex, FORTRAN",14
15,88,15,"Simplex, FORTRAN",15
16,88,16,"Simplex, FORTRAN",16
17,88,17,"Simplex, FORTRAN",17
18,88,18,"Simplex, FORTRAN",18
19,88,19,"Simplex, FORTRAN",19
20,88,20,"Simplex, FORTRAN",20
21,88,21,"Simplex, FORTRAN",21
22,88,22,"Simplex, FORTRAN",22
23,88,23,"Simplex, FORTRAN",23
24,88,24,"Simplex, FORTRAN",24
25,88,25,"Simplex, FORTRAN",25
26,88,26,"Simplex, FORTRAN",26
27,88,27,"Simplex, FORTRAN",27
28,88,28,"Simplex, FORTRAN",28
29,88,29,"Simplex, FORTRAN",29
30,88,30,"Simplex, FORTRAN",30
31,88,31,"Simplex, FORTRAN",31
32,88,32,"Simplex, FORTRAN",32
33,88,33,"Simplex, FORTRAN",33
34,88,34,"Simplex, FORTRAN",34
35,88,35,"Simplex, FORTRAN",35
36,88,36,"Simplex, FORTRAN",36
37,88,37,"Simplex, FORTRAN",37
38,88,38,"Simplex, FORTRAN",38
39,88,39,"Simplex, FORTRAN",39
40,88,40,"Simplex, FORTRAN",40
41,88,41,"Simplex, FORTRAN",41
42,88,42,"Simplex, FORTRAN",42
43,89,1,"Simplex, FORTRAN",43
44,89,2,"Simplex, FORTRAN",44
45,89,3,"Simplex, FORTRAN",45
46,89,4,"Simplex, FORTRAN",46
47,89,5,"Simplex, FORTRAN",47
48,89,6,"Simplex, FORTRAN",48
49,89,7,"Simplex, FORTRAN",49
50,89,8,"Simplex, FORTRAN",50
198,89,9,"Simplex, FORTRAN",198
199,89,10,"Simplex, FORTRAN",199
200,89,11,"Simplex, FORTRAN",200
201,89,12,"Simplex, FORTRAN",201
202,89,13,"Simplex, FORTRAN",202
203,89,14,"Simplex, FORTRAN",203
204,89,15,"Simplex, FORTRAN",204
205,89,16,"Simplex, FORTRAN",205
206,89,17,"Simplex, FORTRAN",206
207,89,18,"Simplex, FORTRAN",207
208,89,19,"Simplex, FORTRAN",208
209,89,20,"Simplex, FORTRAN",209
210,89,21,"Simplex, FORTRAN",210
211,89,22,"Simplex, FORTRAN",211
212,89,23,"Simplex, FORTRAN",212
213,89,24,"Simplex, FORTRAN",213
214,89,25,"Simplex, FORTRAN",214
215,89,26,"Simplex, FORTRAN",215
216,89,27,"Simplex, FORTRAN",216
217,89,28,"Simplex, FORTRAN",217
218,89,29,"Simplex, FORTRAN",218
219,89,30,"Simplex, FORTRAN",219
220,89,31,"Simplex, FORTRAN",220
221,89,32,"Simplex, FORTRAN",221
222,89,33,"Simplex, FORTRAN",222
223,89,34,"Simplex, FORTRAN",223
224,89,35,"Simplex, FORTRAN",224
225,89,36,"Simplex, FORTRAN",225
226,89,37,"Simplex, FORTRAN",226
227,89,38,"Simplex, FORTRAN",227
228,89,39,"Simplex, FORTRAN",228
229,89,40,"Simplex, FORTRAN",235
501,90,1,"Simplex, Cartographic",501
502,90,2,"Simplex, Cartographic",502
503,90,3,"Simplex, Cartographic",503
504,90,4,"Simplex, Cartographic",504
505,90,5,"Simplex, Cartographic",505
506,90,6,"Simplex, Cartographic",506
507,90,7,"Simplex, Cartographic",507
508,90,8,"Simplex, Cartographic",508
509,90,9,"Simplex, Cartographic",509
510,90,10,"Simplex, Cartographic",510
511,90,11,"Simplex, Cartographic",511
512,90,12,"Simplex, Cartographic",512
513,90,13,"Simplex, Cartographic",513
514,90,14,"Simplex, Cartographic",514
515,90,15,"Simplex, Cartographic",515
516,90,16,"Simplex, Cartographic",516
517,90,17,"Simplex, Cartographic",517
518,90,18,"Simplex, Cartographic",518
519,90,19,"Simplex, Cartographic",519
520,90,20,"Simplex, Cartographic",520
521,91,1,"Simplex, Cartographic",521
522,91,2,"Simplex, Cartographic",522
523,91,3,"Simplex, Cartographic",523
524,91,4,"Simplex, Cartographic",524
525,91,5,"Simplex, Cartographic",525
526,91,6,"Simplex, Cartographic",526
527,91,7,"Simplex, Cartographic",527
528,91,8,"Simplex, Cartographic",528
529,91,9,"Simplex, Cartographic",529
530,91,10,"Simplex, Cartographic",530
531,91,11,"Simplex, Cartographic",531
532,91,12,"Simplex, Cartographic",532
533,91,13,"Simplex, Cartographic",533
534,91,14,"Simplex, Cartographic",534
535,91,15,"Simplex, Cartographic",535
536,91,16,"Simplex, Cartographic",536
537,91,17,"Simplex, Cartographic",537
538,91,18,"Simplex, Cartographic",538
539,91,19,"Simplex, Cartographic",539
540,91,20,"Simplex, Cartographic",540
541,92,1,"Simplex, Cartographic",541
542,92,2,"Simplex, Cartographic",542
543,92,3,"Simplex, Cartographic",543
544,92,4,"Simplex, Cartographic",544
545,92,5,"Simplex, Cartographic",545
546,92,6,"Simplex, Cartographic",546
547,92,7,"Simplex, Cartographic",547
548,92,8,"Simplex, Cartographic",548
549,92,9,"Simplex, Cartographic",549
550,92,10,"Simplex, Cartographic",550
551,92,11,"Simplex, Cartographic",551
552,92,12,"Simplex, Cartographic",552
553,92,13,"Simplex, Cartographic",553
554,92,14,"Simplex, Cartographic",554
555,92,15,"Simplex, Cartographic",555
556,92,16,"Simplex, Cartographic",556
557,92,17,"Simplex, Cartographic",557
558,92,18,"Simplex, Cartographic",558
559,92,19,"Simplex, Cartographic",559
560,92,20,"Simplex, Cartographic",560
561,93,1,"Simplex, Cartographic",561
562,93,2,"Simplex, Cartographic",562
563,93,3,"Simplex, Cartographic",563
564,93,4,"Simplex, Cartographic",564
565,93,5,"Simplex, Cartographic",565
566,93,6,"Simplex, Cartographic",566
567,93,7,"Simplex, Cartographic",567
568,93,8,"Simplex, Cartographic",568
569,93,9,"Simplex, Cartographic",569
570,93,10,"Simplex, Cartographic",570
571,93,11,"Simplex, Cartographic",571
572,93,12,"Simplex, Cartographic",572
573,93,13,"Simplex, Cartographic",573
574,93,14,"Simplex, Cartographic",574
575,93,15,"Simplex, Cartographic",575
576,93,16,"Simplex, Cartographic",576
583,93,17,"Simplex, Cartographic",583
601,94,1,"Simplex, Cartographic",601
602,94,2,"Simplex, Cartographic",602
603,94,3,"Simplex, Cartographic",603
604,94,4,"Simplex, Cartographic",604
605,94,5,"Simplex, Cartographic",605
606,94,6,"Simplex, Cartographic",606
607,94,7,"Simplex, Cartographic",607
608,94,8,"Simplex, Cartographic",608
609,94,9,"Simplex, Cartographic",609
610,94,10,"Simplex, Cartographic",610
611,94,11,"Simplex, Cartographic",611
612,94,12,"Simplex, Cartographic",612
613,94,13,"Simplex, Cartographic",613
614,94,14,"Simplex, Cartographic",614
615,94,15,"Simplex, Cartographic",615
616,94,16,"Simplex, Cartographic",616
617,94,17,"Simplex, Cartographic",617
618,94,18,"Simplex, Cartographic",618
619,94,19,"Simplex, Cartographic",619
620,94,20,"Simplex, Cartographic",620
621,95,1,"Simplex, Cartographic",621
622,95,2,"Simplex, Cartographic",622
623,95,3,"Simplex, Cartographic",623
624,95,4,"Simplex, Cartographic",624
625,95,5,"Simplex, Cartographic",625
626,95,6,"Simplex, Cartographic",626
627,95,7,"Simplex, Cartographic",627
628,95,8,"Simplex, Cartographic",628
629,95,9,"Simplex, Cartographic",629
630,95,10,"Simplex, Cartographic",630
631,95,11,"Simplex, Cartographic",631
632,95,12,"Simplex, Cartographic",632
633,95,13,"Simplex, Cartographic",633
634,95,14,"Simplex, Cartographic",634
635,95,15,"Simplex, Cartographic",635
636,95,16,"Simplex, Cartographic",636
637,95,17,"Simplex, Cartographic",637
638,95,18,"Simplex, Cartographic",638
639,95,19,"Simplex, Cartographic",639
640,95,20,"Simplex, Cartographic",640
641,96,1,"Simplex, Cartographic",641
642,96,2,"Simplex, Cartographic",642
643,96,3,"Simplex, Cartographic",643
644,96,4,"Simplex, Cartographic",644
645,96,5,"Simplex, Cartographic",645
646,96,6,"Simplex, Cartographic",646
647,96,7,"Simplex, Cartographic",647
648,96,8,"Simplex, Cartographic",648
649,96,9,"Simplex, Cartographic",649
650,96,10,"Simplex, Cartographic",650
651,96,11,"Simplex, Cartographic",651
652,96,12,"Simplex, Cartographic",652
653,96,13,"Simplex, Cartographic",653
654,96,14,"Simplex, Cartographic",654
655,96,15,"Simplex, Cartographic",655
656,96,16,"Simplex, Cartographic",656
657,96,17,"Simplex, Cartographic",657
658,96,18,"Simplex, Cartographic",658
659,96,19,"Simplex, Cartographic",659
660,96,20,"Simplex, Cartographic",660
661,97,1,"Simplex, Cartographic",661
662,97,2,"Simplex, Cartographic",662
663,97,3,"Simplex, Cartographic",663
664,97,4,"Simplex, Cartographic",664
665,97,5,"Simplex, Cartographic",665
666,97,6,"Simplex, Cartographic",666
667,97,7,"Simplex, Cartographic",667
668,97,8,"Simplex, Cartographic",668
669,97,9,"Simplex, Cartographic",669
670,97,10,"Simplex, Cartographic",670
671,97,11,"Simplex, Cartographic",671
672,97,12,"Simplex, Cartographic",672
673,97,13,"Simplex, Cartographic",673
674,97,14,"Simplex, Cartographic",674
675,97,15,"Simplex, Cartographic",675
676,97,16,"Simplex, Cartographic",676
683,97,17,"Simplex, Cartographic",683
684,97,18,"Simplex, Cartographic",684
685,97,19,"Simplex, Cartographic",685
686,97,20,"Simplex, Cartographic",686
698,98,2,"Simplex, Cartographic",698
699,98,3,"Simplex, Cartographic",699
700,98,4,"Simplex, Cartographic",700
701,98,5,"Simplex, Cartographic",701
702,98,6,"Simplex, Cartographic",702
703,98,7,"Simplex, Cartographic",703
704,98,8,"Simplex, Cartographic",704
705,98,9,"Simplex, Cartographic",705
706,98,10,"Simplex, Cartographic",706
707,98,11,"Simplex, Cartographic",707
708,98,12,"Simplex, Cartographic",708
709,98,13,"Simplex, Cartographic",709
710,98,14,"Simplex, Cartographic",710
711,98,15,"Simplex, Cartographic",711
712,98,16,"Simplex, Cartographic",712
713,98,17,"Simplex, Cartographic",713
714,98,18,"Simplex, Cartographic",714
715,98,19,"Simplex, Cartographic",715
716,99,1,"Simplex, Cartographic",716
717,99,2,"Simplex, Cartographic",717
718,99,3,"Simplex, Cartographic",718
719,99,4,"Simplex, Cartographic",719
720,99,5,"Simplex, Cartographic",720
721,99,6,"Simplex, Cartographic",721
722,99,7,"Simplex, Cartographic",722
723,99,8,"Simplex, Cartographic",723
724,99,9,"Simplex, Cartographic",724
725,99,10,"Simplex, Cartographic",725
726,99,11,"Simplex, Cartographic",726
727,99,12,"Simplex, Cartographic",727
728,99,13,"Simplex, Cartographic",728
729,99,14,"Simplex, Cartographic",735
730,99,15,"Simplex, Cartographic",745
731,99,16,"Simplex, Cartographic",746
732,99,17,"Simplex, Cartographic",741
733,99,18,"Simplex, Cartographic",742
734,99,19,"Simplex, Cartographic",743
735,99,20,"Simplex, Cartographic",744
800,100,1,"Simplex, Cartographic",800
801,100,2,"Simplex, Cartographic",801
802,100,3,"Simplex, Cartographic",802
803,100,4,"Simplex, Cartographic",803
804,100,5,"Simplex, Cartographic",804
805,100,6,"Simplex, Cartographic",805
806,101,1,"Simplex, Cartographic",806
807,101,2,"Simplex, Cartographic",807
808,101,3,"Simplex, Cartographic",808
809,101,4,"Simplex, Cartographic",809
810,101,5,"Simplex, Cartographic",810
811,101,6,"Simplex, Cartographic",811
812,101,7,"Simplex, Cartographic",812
813,101,8,"Simplex, Cartographic",813
814,101,9,"Simplex, Cartographic",814
815,101,10,"Simplex, Cartographic",815
816,101,11,"Simplex, Cartographic",816
817,101,12,"Simplex, Cartographic",817
820,102,1,"Simplex, Cartographic",819
821,102,4,"Simplex, Cartographic",818
822,102,2,"Simplex, Cartographic",822
823,102,5,"Simplex, Cartographic",823
824,102,3,"Simplex, Cartographic",824
825,102,6,"Simplex, Cartographic",825
830,103,1,"Simplex, Cartographic",830
831,103,2,"Simplex, Cartographic",831
832,103,3,"Simplex, Cartographic",832
833,103,4,"Simplex, Cartographic",833
834,103,5,"Simplex, Cartographic",834
840,104,1,"Simplex, Cartographic",840
841,104,2,"Simplex, Cartographic",841
842,104,3,"Simplex, Cartographic",842
843,104,4,"Simplex, Cartographic",843
844,104,5,"Simplex, Cartographic",844
845,104,6,"Simplex, Cartographic",845
846,104,7,"Simplex, Cartographic",846
847,104,8,"Simplex, Cartographic",847
850,104,9,"Simplex, Cartographic",850
851,104,10,"Simplex, Cartographic",851
852,104,11,"Simplex, Cartographic",852
853,104,12,"Simplex, Cartographic",853
854,104,13,"Simplex, Cartographic",854
855,104,14,"Simplex, Cartographic",855
856,104,15,"Simplex, Cartographic",856
857,104,16,"Simplex, Cartographic",857
860,105,1,"Simplex, Cartographic",860
861,105,2,"Simplex, Cartographic",861
862,105,3,"Simplex, Cartographic",862
863,105,4,"Simplex, Cartographic",863
864,105,5,"Simplex, Cartographic",864
865,105,6,"Simplex, Cartographic",865
866,105,7,"Simplex, Cartographic",866
867,105,8,"Simplex, Cartographic",867
868,105,9,"Simplex, Cartographic",868
870,106,1,"Simplex, Cartographic",870
871,106,2,"Simplex, Cartographic",871
872,106,3,"Simplex, Cartographic",872
873,106,4,"Simplex, Cartographic",873
874,106,5,"Simplex, Cartographic",874
899,106,6,"Simplex, Cartographic",899
900,106,7,"Simplex, Cartographic",900
901,106,8,"Simplex, Cartographic",901
902,106,9,"Simplex, Cartographic",902
903,106,10,"Simplex, Cartographic",903
904,106,11,"Simplex, Cartographic",904
905,106,12,"Simplex, Cartographic",905
906,107,1,"Simplex, Cartographic",906
907,107,2,"Simplex, Cartographic",907
908,107,3,"Simplex, Cartographic",908
909,107,4,"Simplex, Cartographic",909
1001,109,1,"Duplex, Indexical",1001
1002,109,2,"Duplex, Indexical",1002
1003,109,3,"Duplex, Indexical",1003
1004,109,4,"Duplex, Indexical",1004
1005,109,5,"Duplex, Indexical",1005
1006,109,6,"Duplex, Indexical",1006
1007,109,7,"Duplex, Indexical",1007
1008,109,8,"Duplex, Indexical",1008
1009,109,9,"Duplex, Indexical",1009
1010,109,10,"Duplex, Indexical",1010
1011,109,11,"Duplex, Indexical",1011
1012,109,12,"Duplex, Indexical",1012
1013,109,13,"Duplex, Indexical",1013
1014,109,14,"Duplex, Indexical",1014
1015,109,15,"Duplex, Indexical",1015
1016,109,16,"Duplex, Indexical",1016
1017,109,17,"Duplex, Indexical",1017
1018,109,18,"Duplex, Indexical",1018
1019,109,19,"Duplex, Indexical",1019
1020,109,20,"Duplex, Indexical",1020
1021,110,1,"Duplex, Indexical",1021
1022,110,2,"Duplex, Indexical",1022
1023,110,3,"Duplex, Indexical",1023
1024,110,4,"Duplex, Indexical",1024
1025,110,5,"Duplex, Indexical",1025
1026,110,6,"Duplex, Indexical",1026
1027,110,7,"Duplex, Indexical",1027
1028,110,8,"Duplex, Indexical",1028
1029,110,9,"Duplex, Indexical",1029
1030,110,10,"Duplex, Indexical",1030
1031,110,11,"Duplex, Indexical",1031
1032,110,12,"Duplex, Indexical",1032
1033,110,13,"Duplex, Indexical",1033
1034,110,14,"Duplex, Indexical",1034
1035,110,15,"Duplex, Indexical",1035
1036,110,16,"Duplex, Indexical",1036
1037,110,17,"Duplex, Indexical",1037
1038,110,18,"Duplex, Indexical",1038
1039,110,19,"Duplex, Indexical",1039
1040,110,20,"Duplex, Indexical",1040
1041,111,1,"Duplex, Indexical",1041
1042,111,2,"Duplex, Indexical",1042
1043,111,3,"Duplex, Indexical",1043
1044,111,4,"Duplex, Indexical",1044
1045,111,5,"Duplex, Indexical",1045
1046,111,6,"Duplex, Indexical",1046
1047,111,7,"Duplex, Indexical",1047
1048,111,8,"Duplex, Indexical",1048
1049,111,9,"Duplex, Indexical",1049
1050,111,10,"Duplex, Indexical",1050
1051,111,11,"Duplex, Indexical",1051
1052,111,12,"Duplex, Indexical",1052
1053,111,13,"Duplex, Indexical",1053
1054,111,14,"Duplex, Indexical",1054
1055,111,15,"Duplex, Indexical",1055
1056,111,16,"Duplex, Indexical",1056
1057,111,17,"Duplex, Indexical",1057
1058,111,18,"Duplex, Indexical",1058
1059,111,19,"Duplex, Indexical",1059
1060,111,20,"Duplex, Indexical",1060
1061,112,1,"Duplex, Indexical",1061
1062,112,2,"Duplex, Indexical",1062
1063,112,3,"Duplex, Indexical",1063
1064,112,4,"Duplex, Indexical",1064
1065,112,5,"Duplex, Indexical",1065
1066,112,6,"Duplex, Indexical",1066
1067,112,7,"Duplex, Indexical",1067
1068,112,8,"Duplex, Indexical",1068
1069,112,9,"Duplex, Indexical",1069
1070,112,10,"Duplex, Indexical",1070
1071,112,11,"Duplex, Indexical",1071
1072,112,12,"Duplex, Indexical",1072
1073,112,13,"Duplex, Indexical",1073
1074,112,14,"Duplex, Indexical",1074
1075,112,15,"Duplex, Indexical",1075
1076,112,16,"Duplex, Indexical",1076
1101,113,1,"Duplex, Indexical",1101
1102,113,2,"Duplex, Indexical",1102
1103,113,3,"Duplex, Indexical",1103
1104,113,4,"Duplex, Indexical",1104
1105,113,5,"Duplex, Indexical",1105
1106,113,6,"Duplex, Indexical",1106
1107,113,7,"Duplex, Indexical",1107
1108,113,8,"Duplex, Indexical",1108
1109,113,9,"Duplex, Indexical",1109
1110,113,10,"Duplex, Indexical",1110
1111,113,11,"Duplex, Indexical",1111
1112,113,12,"Duplex, Indexical",1112
1113,113,13,"Duplex, Indexical",1113
1114,113,14,"Duplex, Indexical",1114
1115,113,15,"Duplex, Indexical",1115
1116,113,16,"Duplex, Indexical",1116
1117,113,17,"Duplex, Indexical",1117
1118,113,18,"Duplex, Indexical",1118
1119,113,19,"Duplex, Indexical",1119
1120,113,20,"Duplex, Indexical",1120
1121,114,1,"Duplex, Indexical",1121
1122,114,2,"Duplex, Indexical",1122
1123,114,3,"Duplex, Indexical",1123
1124,114,4,"Duplex, Indexical",1124
1125,114,5,"Duplex, Indexical",1125
1126,114,6,"Duplex, Indexical",1126
1127,114,7,"Duplex, Indexical",1127
1128,114,8,"Duplex, Indexical",1128
1129,114,9,"Duplex, Indexical",1129
1130,114,10,"Duplex, Indexical",1130
1131,114,11,"Duplex, Indexical",1131
1132,114,12,"Duplex, Indexical",1132
1133,114,13,"Duplex, Indexical",1133
1134,114,14,"Duplex, Indexical",1134
1135,114,15,"Duplex, Indexical",1135
1136,114,16,"Duplex, Indexical",1136
1137,114,17,"Duplex, Indexical",1137
1138,114,18,"Duplex, Indexical",1138
1139,114,19,"Duplex, Indexical",1139
1140,114,20,"Duplex, Indexical",1140
1141,115,1,"Duplex, Indexical",1141
1142,115,2,"Duplex, Indexical",1142
1143,115,3,"Duplex, Indexical",1143
1144,115,4,"Duplex, Indexical",1144
1145,115,5,"Duplex, Indexical",1145
1146,115,6,"Duplex, Indexical",1146
1147,115,7,"Duplex, Indexical",1147
1148,115,8,"Duplex, Indexical",1148
1149,115,9,"Duplex, Indexical",1149
1150,115,10,"Duplex, Indexical",1150
1151,115,11,"Duplex, Indexical",1151
1152,115,12,"Duplex, Indexical",1152
1153,115,13,"Duplex, Indexical",1153
1154,115,14,"Duplex, Indexical",1154
1155,115,15,"Duplex, Indexical",1155
1156,115,16,"Duplex, Indexical",1156
1157,115,17,"Duplex, Indexical",1157
1158,115,18,"Duplex, Indexical",1158
1159,115,19,"Duplex, Indexical",1159
1160,115,20,"Duplex, Indexical",1160
1161,116,1,"Duplex, Indexical",1161
1162,116,2,"Duplex, Indexical",1162
1163,116,3,"Duplex, Indexical",1163
1164,116,4,"Duplex, Indexical",1164
1165,116,5,"Duplex, Indexical",1165
1166,116,6,"Duplex, Indexical",1166
1167,116,7,"Duplex, Indexical",1167
1168,116,8,"Duplex, Indexical",1168
1169,116,9,"Duplex, Indexical",1169
1170,116,10,"Duplex, Indexical",1170
1171,116,11,"Duplex, Indexical",1171
1172,116,12,"Duplex, Indexical",1172
1173,116,13,"Duplex, Indexical",1173
1174,116,14,"Duplex, Indexical",1174
1175,116,15,"Duplex, Indexical",1175
1176,116,16,"Duplex, Indexical",1176
1177,117,1,"Duplex, Indexical",1177
1178,117,2,"Duplex, Indexical",1178
1179,117,3,"Duplex, Indexical",1179
1180,117,4,"Duplex, Indexical",1180
1181,117,5,"Duplex, Indexical",1181
1184,117,6,"Duplex, Indexical",1184
1185,117,7,"Duplex, Indexical",1185
1186,117,8,"Duplex, Indexical",1186
1191,117,11,"Duplex, Indexical",1191
1192,117,12,"Duplex, Indexical",1192
1193,117,13,"Duplex, Indexical",1193
1194,117,14,"Duplex, Indexical",1194
1195,117,15,"Duplex, Indexical",1195
1198,117,19,"Duplex, Indexical",1198
1199,117,20,"Duplex, Indexical",1199
1200,118,1,"Duplex, Indexical",1200
1201,118,2,"Duplex, Indexical",1201
1202,118,3,"Duplex, Indexical",1202
1203,118,4,"Duplex, Indexical",1203
1204,118,5,"Duplex, Indexical",1204
1205,118,6,"Duplex, Indexical",1205
1206,118,7,"Duplex, Indexical",1206
1207,118,8,"Duplex, Indexical",1207
1208,118,9,"Duplex, Indexical",1208
1209,118,10,"Duplex, Indexical",1209
1210,118,11,"Duplex, Indexical",1210
1211,118,12,"Duplex, Indexical",1211
1212,118,13,"Duplex, Indexical",1212
1213,118,14,"Duplex, Indexical",1213
1214,118,15,"Duplex, Indexical",1214
1215,118,16,"Duplex, Indexical",1215
1216,118,17,"Duplex, Indexical",1216
1217,118,18,"Duplex, Indexical",1217
1218,118,19,"Duplex, Indexical",1218
1219,118,20,"Duplex, Indexical",1219
1220,119,1,"Duplex, Indexical",1220
1221,119,2,"Duplex, Indexical",1221
1222,119,3,"Duplex, Indexical",1222
1223,119,4,"Duplex, Indexical",1223
1224,119,5,"Duplex, Indexical",1224
1225,119,6,"Duplex, Indexical",1225
1226,119,7,"Duplex, Indexical",1226
1227,119,8,"Duplex, Indexical",1227
1228,119,9,"Duplex, Indexical",1228
1229,119,10,"Duplex, Indexical",1229
1230,119,11,"Duplex, Indexical",1230
1231,119,12,"Duplex, Indexical",1231
1232,119,13,"Duplex, Indexical",1232
1233,119,14,"Duplex, Indexical",1233
1234,119,15,"Duplex, Indexical",1234
1235,119,16,"Duplex, Indexical",1235
1236,119,17,"Duplex, Indexical",1236
1237,119,18,"Duplex, Indexical",1237
1238,120,1,"Duplex, Indexical",1238
1239,120,2,"Duplex, Indexical",1239
1240,120,3,"Duplex, Indexical",1240
1241,120,4,"Duplex, Indexical",1241
1242,120,5,"Duplex, Indexical",1242
1243,120,6,"Duplex, Indexical",1243
1244,120,7,"Duplex, Indexical",1244
1245,120,8,"Duplex, Indexical",1245
1246,120,9,"Duplex, Indexical",1246
1247,120,10,"Duplex, Indexical",1247
1261,120,11,"Duplex, Indexical",1261
1262,120,12,"Duplex, Indexical",1262
1263,120,13,"Duplex, Indexical",1263
1264,120,14,"Duplex, Indexical",1264
1265,120,15,"Duplex, Indexical",1265
1266,120,16,"Duplex, Indexical",1266
1267,120,17,"Duplex, Indexical",1267
1268,120,18,"Duplex, Indexical",1268
1269,120,19,"Duplex, Indexical",1269
1270,120,20,"Duplex, Indexical",1270
1271,121,1,"Duplex, Indexical",1271
1272,121,2,"Duplex, Indexical",1272
1273,121,3,"Duplex, Indexical",1273
1274,121,4,"Duplex, Indexical",1274
1275,121,5,"Duplex, Indexical",1275
1276,121,6,"Duplex, Indexical",1276
1277,121,7,"Duplex, Indexical",1277
1278,121,8,"Duplex, Indexical",1278
1281,121,11,"Duplex, Indexical",1281
1282,121,12,"Duplex, Indexical",1282
1283,121,13,"Duplex, Indexical",1283
1284,121,14,"Duplex, Indexical",1284
1285,121,15,"Duplex, Indexical",1285
1286,121,16,"Duplex, Indexical",1286
1287,121,17,"Duplex, Indexical",1287
1288,121,18,"Duplex, Indexical",1288
1289,121,19,"Duplex, Indexical",1289
1290,121,20,"Duplex, Indexical",1290
1291,122,1,"Duplex, Indexical",1291
1292,122,2,"Duplex, Indexical",1292
1293,122,3,"Duplex, Indexical",1293
1294,122,4,"Duplex, Indexical",1294
1295,122,5,"Duplex, Indexical",1295
2001,123,1,"Duplex, Principal",2001
2002,123,2,"Duplex, Principal",2002
2003,123,3,"Duplex, Principal",2003
2004,123,4,"Duplex, Principal",2004
2005,123,5,"Duplex, Principal",2005
2006,123,6,"Duplex, Principal",2006
2007,123,7,"Duplex, Principal",2007
2008,123,8,"Duplex, Principal",2008
2009,123,9,"Duplex, Principal",2009
2010,123,10,"Duplex, Principal",2010
2011,123,11,"Duplex, Principal",2011
2012,123,12,"Duplex, Principal",2012
2013,123,13,"Duplex, Principal",2013
2014,123,14,"Duplex, Principal",2014
2015,123,15,"Duplex, Principal",2015
2016,123,16,"Duplex, Principal",2016
2017,123,17,"Duplex, Principal",2017
2018,123,18,"Duplex, Principal",2018
2019,123,19,"Duplex, Principal",2019
2020,123,20,"Duplex, Principal",2020
2021,124,1,"Duplex, Principal",2021
2022,124,2,"Duplex, Principal",2022
2023,124,3,"Duplex, Principal",2023
2024,124,4,"Duplex, Principal",2024
2025,124,5,"Duplex, Principal",2025
2026,124,6,"Duplex, Principal",2026
2027,124,7,"Duplex, Principal",2027
2028,124,8,"Duplex, Principal",2028
2029,124,9,"Duplex, Principal",2029
2030,124,10,"Duplex, Principal",2030
2031,124,11,"Duplex, Principal",2031
2032,124,12,"Duplex, Principal",2032
2033,124,13,"Duplex, Principal",2033
2034,124,14,"Duplex, Principal",2034
2035,124,15,"Duplex, Principal",2035
2036,124,16,"Duplex, Principal",2036
2037,124,17,"Duplex, Principal",2037
2038,124,18,"Duplex, Principal",2038
2039,124,19,"Duplex, Principal",2039
2040,124,20,"Duplex, Principal",2040
2041,125,1,"Duplex, Principal",2041
2042,125,2,"Duplex, Principal",2042
2043,125,3,"Duplex, Principal",2043
2044,125,4,"Duplex, Principal",2044
2045,125,5,"Duplex, Principal",2045
2046,125,6,"Duplex, Principal",2046
2047,125,7,"Duplex, Principal",2047
2048,125,8,"Duplex, Principal",2048
2049,125,9,"Duplex, Principal",2049
2050,125,10,"Duplex, Principal",2050
2051,125,11,"Duplex, Principal",2051
2052,125,12,"Duplex, Principal",2052
2053,125,13,"Duplex, Principal",2053
2054,125,14,"Duplex, Principal",2054
2055,125,15,"Duplex, Principal",2055
2056,125,16,"Duplex, Principal",2056
2057,125,17,"Duplex, Principal",2057
2058,125,18,"Duplex, Principal",2058
2059,125,19,"Duplex, Principal",2059
2060,125,20,"Duplex, Principal",2060
2061,126,1,"Duplex, Principal",2061
2062,126,2,"Duplex, Principal",2062
2063,126,3,"Duplex, Principal",2063
2064,126,4,"Duplex, Principal",2064
2065,126,5,"Duplex, Principal",2065
2066,126,6,"Duplex, Principal",2066
2067,126,7,"Duplex, Principal",2067
2068,126,8,"Duplex, Principal",2068
2069,126,9,"Duplex, Principal",2069
2070,126,10,"Duplex, Principal",2070
2071,126,11,"Duplex, Principal",2071
2072,126,12,"Duplex, Principal",2072
2073,126,13,"Duplex, Principal",2073
2074,126,14,"Duplex, Principal",2074
2075,126,15,"Duplex, Principal",2075
2076,126,16,"Duplex, Principal",2076
2077,126,17,"Duplex, Principal",2077
2101,127,1,"Duplex, Principal",2101
2102,127,2,"Duplex, Principal",2102
2103,127,3,"Duplex, Principal",2103
2104,127,4,"Duplex, Principal",2104
2105,127,5,"Duplex, Principal",2105
2106,127,6,"Duplex, Principal",2106
2107,127,7,"Duplex, Principal",2107
2108,127,8,"Duplex, Principal",2108
2109,127,9,"Duplex, Principal",2109
2110,127,10,"Duplex, Principal",2110
2111,127,11,"Duplex, Principal",2111
2112,127,12,"Duplex, Principal",2112
2113,127,13,"Duplex, Principal",2113
2114,127,14,"Duplex, Principal",2114
2115,127,15,"Duplex, Principal",2115
2116,127,16,"Duplex, Principal",2116
2117,127,17,"Duplex, Principal",2117
2118,127,18,"Duplex, Principal",2118
2119,127,19,"Duplex, Principal",2119
2120,127,20,"Duplex, Principal",2120
2121,128,1,"Duplex, Principal",2121
2122,128,2,"Duplex, Principal",2122
2123,128,3,"Duplex, Principal",2123
2124,128,4,"Duplex, Principal",2124
2125,128,5,"Duplex, Principal",2125
2126,128,6,"Duplex, Principal",2126
2127,128,7,"Duplex, Principal",2127
2128,128,8,"Duplex, Principal",2128
2129,128,9,"Duplex, Principal",2129
2130,128,10,"Duplex, Principal",2130
2131,128,11,"Duplex, Principal",2131
2132,128,12,"Duplex, Principal",2132
2133,128,13,"Duplex, Principal",2133
2134,128,14,"Duplex, Principal",2134
2135,128,15,"Duplex, Principal",2135
2136,128,16,"Duplex, Principal",2136
2137,128,17,"Duplex, Principal",2137
2138,128,18,"Duplex, Principal",2138
2139,128,19,"Duplex, Principal",2139
2140,128,20,"Duplex, Principal",2140
2141,129,1,"Duplex, Principal",2141
2142,129,2,"Duplex, Principal",2142
2143,129,3,"Duplex, Principal",2143
2144,129,4,"Duplex, Principal",2144
2145,129,5,"Duplex, Principal",2145
2146,129,6,"Duplex, Principal",2146
2147,129,7,"Duplex, Principal",2147
2148,129,8,"Duplex, Principal",2148
2149,129,9,"Duplex, Principal",2149
2150,129,10,"Duplex, Principal",2150
2151,129,11,"Duplex, Principal",2151
2152,129,12,"Duplex, Principal",2152
2153,129,13,"Duplex, Principal",2153
2154,129,14,"Duplex, Principal",2154
2155,129,15,"Duplex, Principal",2155
2156,129,16,"Duplex, Principal",2156
2157,129,17,"Duplex, Principal",2157
2158,129,18,"Duplex, Principal",2158
2159,129,19,"Duplex, Principal",2159
2160,129,20,"Duplex, Principal",2160
2161,130,1,"Duplex, Principal",2161
2162,130,2,"Duplex, Principal",2162
2163,130,3,"Duplex, Principal",2163
2164,130,4,"Duplex, Principal",2164
2165,130,5,"Duplex, Principal",2165
2166,130,6,"Duplex, Principal",2166
2167,130,7,"Duplex, Principal",2167
2168,130,8,"Duplex, Principal",2168
2169,130,9,"Duplex, Principal",2169
2170,130,10,"Duplex, Principal",2170
2171,130,11,"Duplex, Principal",2171
2172,130,12,"Duplex, Principal",2172
2173,130,13,"Duplex, Principal",2173
2174,130,14,"Duplex, Principal",2174
2175,130,15,"Duplex, Principal",2175
2176,130,16,"Duplex, Principal",2176
2177,131,1,"Duplex, Principal",2177
2178,131,2,"Duplex, Principal",2178
2179,131,3,"Duplex, Principal",2179
2180,131,4,"Duplex, Principal",2180
2181,131,5,"Duplex, Principal",2181
2184,131,6,"Duplex, Principal",2184
2185,131,7,"Duplex, Principal",2185
2186,131,8,"Duplex, Principal",2186
2191,131,11,"Duplex, Principal",2191
2192,131,12,"Duplex, Principal",2192
2193,131,13,"Duplex, Principal",2193
2194,131,14,"Duplex, Principal",2194
2195,131,15,"Duplex, Principal",2195
2196,131,16,"Duplex, Principal",677
2197,131,17,"Duplex, Principal",2190
2198,131,19,"Duplex, Principal",2198
2199,131,20,"Duplex, Principal",2199
2200,132,1,"Duplex, Principal",2200
2201,132,2,"Duplex, Principal",2201
2202,132,3,"Duplex, Principal",2202
2203,132,4,"Duplex, Principal",2203
2204,132,5,"Duplex, Principal",2204
2205,132,6,"Duplex, Principal",2205
2206,132,7,"Duplex, Principal",2206
2207,132,8,"Duplex, Principal",2207
2208,132,9,"Duplex, Principal",2208
2209,132,10,"Duplex, Principal",2209
2210,132,11,"Duplex, Principal",2210
2211,132,12,"Duplex, Principal",2211
2212,132,13,"Duplex, Principal",2212
2213,132,14,"Duplex, Principal",2213
2214,132,15,"Duplex, Principal",2214
2215,132,16,"Duplex, Principal",2215
2216,132,17,"Duplex, Principal",2216
2217,132,18,"Duplex, Principal",2217
2218,132,19,"Duplex, Principal",2218
2219,132,20,"Duplex, Principal",2219
2220,133,1,"Duplex, Principal",2220
2221,133,2,"Duplex, Principal",2221
2222,133,3,"Duplex, Principal",2222
2223,133,4,"Duplex, Principal",2223
2224,133,5,"Duplex, Principal",2224
2225,133,6,"Duplex, Principal",2225
2226,133,7,"Duplex, Principal",2226
2227,133,8,"Duplex, Principal",2227
2228,133,9,"Duplex, Principal",2228
2229,133,10,"Duplex, Principal",2229
2230,133,11,"Duplex, Principal",2230
2231,133,12,"Duplex, Principal",2231
2232,133,13,"Duplex, Principal",2232
2233,133,14,"Duplex, Principal",2233
2234,133,15,"Duplex, Principal",2234
2235,133,16,"Duplex, Principal",2235
2236,133,17,"Duplex, Principal",2236
2237,133,18,"Duplex, Principal",2237
2238,134,1,"Duplex, Principal",2238
2239,134,2,"Duplex, Principal",2239
2240,134,3,"Duplex, Principal",2240
2241,134,4,"Duplex, Principal",2241
2242,134,5,"Duplex, Principal",2242
2243,134,6,"Duplex, Principal",2243
2244,134,7,"Duplex, Principal",2244
2245,134,8,"Duplex, Principal",2245
2246,134,9,"Duplex, Principal",2246
2251,134,11,"Duplex, Principal",737
2252,134,12,"Duplex, Principal",738
2253,134,13,"Duplex, Principal",739
2254,134,14,"Duplex, Principal",740
2255,134,15,"Duplex, Principal",2255
2256,134,16,"Duplex, Principal",2256
2257,134,17,"Duplex, Principal",2257
2258,134,18,"Duplex, Principal",2258
2259,134,19,"Duplex, Principal",2259
2260,134,20,"Duplex, Principal",2260
2261,135,1,"Duplex, Principal",2261
2262,135,2,"Duplex, Principal",2262
2263,135,3,"Duplex, Principal",2263
2264,135,4,"Duplex, Principal",2264
2265,135,5,"Duplex, Principal",2265
2266,135,6,"Duplex, Principal",2266
2267,135,7,"Duplex, Principal",2267
2268,135,8,"Duplex, Principal",2268
2269,135,9,"Duplex, Principal",2269
2270,135,10,"Duplex, Principal",2270
2271,135,11,"Duplex, Principal",2271
2272,135,12,"Duplex, Principal",2272
2273,135,13,"Duplex, Principal",2273
2274,135,14,"Duplex, Principal",2274
2275,135,15,"Duplex, Principal",2275
2276,135,16,"Duplex, Principal",2276
2277,135,17,"Duplex, Principal",2277
2278,135,18,"Duplex, Principal",2278
2281,136,1,"Duplex, Principal",2281
2282,136,2,"Duplex, Principal",2282
2283,136,3,"Duplex, Principal",2283
2284,136,4,"Duplex, Principal",2284
2285,136,5,"Duplex, Principal",2285
2286,136,6,"Duplex, Principal",2286
2287,136,7,"Duplex, Principal",2287
2288,136,8,"Duplex, Principal",2288
2289,136,9,"Duplex, Principal",2289
2290,136,10,"Duplex, Principal",2290
2301,136,11,"Duplex, Principal",2301
2302,136,12,"Duplex, Principal",2302
2303,136,13,"Duplex, Principal",2303
2304,136,14,"Duplex, Principal",2304
2305,136,15,"Duplex, Principal",2305
2306,136,16,"Duplex, Principal",2306
2307,136,17,"Duplex, Principal",2307
2308,136,18,"Duplex, Principal",2308
2309,136,19,"Duplex, Principal",2309
2310,136,20,"Duplex, Principal",2310
2311,137,1,"Duplex, Principal",2311
2312,137,2,"Duplex, Principal",2312
2318,137,9,"Duplex, Principal",2318
2319,137,10,"Duplex, Principal",2319
2320,137,11,"Duplex, Principal",2320
2321,137,12,"Duplex, Principal",2322
2322,137,13,"Duplex, Principal",2323
2323,137,14,"Duplex, Principal",2324
2324,137,15,"Duplex, Principal",2325
2325,137,16,"Duplex, Principal",2317
2326,137,17,"Duplex, Principal",2326
2327,137,18,"Duplex, Principal",2327
2328,137,19,"Duplex, Principal",2328
2329,137,20,"Duplex, Principal",2329
2330,138,1,"Duplex, Principal",2330
2331,138,2,"Duplex, Principal",2331
2332,138,3,"Duplex, Principal",2332
2401,139,1,"Duplex, Principal",2401
2402,139,2,"Duplex, Principal",2402
2403,140,1,"Duplex, Principal",2403
2404,140,5,"Duplex, Principal",2404
2405,140,2,"Duplex, Principal",2405
2406,140,6,"Duplex, Principal",2406
2407,140,3,"Duplex, Principal",2407
2408,140,7,"Duplex, Principal",2408
2409,140,4,"Duplex, Principal",2409
2410,140,8,"Duplex, Principal",2410
2411,139,3,"Duplex, Principal",2411
2412,139,4,"Duplex, Principal",2412
2501,141,1,"Duplex, Principal",2501
2502,141,2,"Duplex, Principal",2502
2503,141,3,"Duplex, Principal",2503
2504,141,4,"Duplex, Principal",2504
2505,141,5,"Duplex, Principal",2505
2506,141,6,"Duplex, Principal",2506
2507,141,7,"Duplex, Principal",2507
2508,141,8,"Duplex, Principal",2508
2509,141,9,"Duplex, Principal",2509
2510,141,10,"Duplex, Principal",2510
2511,141,11,"Duplex, Principal",2511
2512,141,12,"Duplex, Principal",2512
2513,141,13,"Duplex, Principal",2513
2514,141,14,"Duplex, Principal",2514
2515,141,15,"Duplex, Principal",2515
2516,141,16,"Duplex, Principal",2516
2517,141,17,"Duplex, Principal",2517
2518,141,18,"Duplex, Principal",2518
2519,141,19,"Duplex, Principal",2519
2520,141,20,"Duplex, Principal",2520
2521,142,1,"Duplex, Principal",2521
2522,142,2,"Duplex, Principal",2522
2523,142,3,"Duplex, Principal",2523
2524,142,4,"Duplex, Principal",2524
2525,142,5,"Duplex, Principal",2525
2526,142,6,"Duplex, Principal",2526
2551,142,11,"Duplex, Principal",2551
2552,142,12,"Duplex, Principal",2552
2553,142,13,"Duplex, Principal",2553
2554,142,14,"Duplex, Principal",2554
2555,142,15,"Duplex, Principal",2555
2556,142,16,"Duplex, Principal",2556
2557,142,17,"Duplex, Principal",2557
2558,142,18,"Duplex, Principal",2558
2559,142,19,"Duplex, Principal",2559
2560,142,20,"Duplex, Principal",2560
2561,143,1,"Duplex, Principal",2561
2562,143,2,"Duplex, Principal",2562
2563,143,3,"Duplex, Principal",2563
2564,143,4,"Duplex, Principal",2564
2565,143,5,"Duplex, Principal",2565
2566,143,6,"Duplex, Principal",2566
2567,143,7,"Duplex, Principal",2567
2568,143,8,"Duplex, Principal",2568
2569,143,9,"Duplex, Principal",2569
2570,143,10,"Duplex, Principal",2570
2571,143,11,"Duplex, Principal",2571
2572,143,12,"Duplex, Principal",2572
2573,143,13,"Duplex, Principal",2573
2574,143,14,"Duplex, Principal",2574
2575,143,15,"Duplex, Principal",2575
2576,143,16,"Duplex, Principal",2576
2601,144,1,"Duplex, Principal",2601
2602,144,2,"Duplex, Principal",2602
2603,144,3,"Duplex, Principal",2603
2604,144,4,"Duplex, Principal",2604
2605,144,5,"Duplex, Principal",2605
2606,144,6,"Duplex, Principal",2606
2607,144,7,"Duplex, Principal",2607
2608,144,8,"Duplex, Principal",2608
2609,144,9,"Duplex, Principal",2609
2610,144,10,"Duplex, Principal",2610
2611,144,11,"Duplex, Principal",2611
2612,144,12,"Duplex, Principal",2612
2613,144,13,"Duplex, Principal",2613
2614,144,14,"Duplex, Principal",2614
2615,144,15,"Duplex, Principal",2615
2616,144,16,"Duplex, Principal",2616
2617,144,17,"Duplex, Principal",2617
2618,144,18,"Duplex, Principal",2618
2619,144,19,"Duplex, Principal",2619
2620,144,20,"Duplex, Principal",2620
2621,145,1,"Duplex, Principal",2621
2622,145,2,"Duplex, Principal",2622
2623,145,3,"Duplex, Principal",2623
2624,145,4,"Duplex, Principal",2624
2625,145,5,"Duplex, Principal",2625
2626,145,6,"Duplex, Principal",2626
2651,145,11,"Duplex, Principal",2651
2652,145,12,"Duplex, Principal",2652
2653,145,13,"Duplex, Principal",2653
2654,145,14,"Duplex, Principal",2654
2655,145,15,"Duplex, Principal",2655
2656,145,16,"Duplex, Principal",2656
2657,145,17,"Duplex, Principal",2657
2658,145,18,"Duplex, Principal",2658
2659,145,19,"Duplex, Principal",2659
2660,145,20,"Duplex, Principal",2660
2661,146,1,"Duplex, Principal",2661
2662,146,2,"Duplex, Principal",2662
2663,146,3,"Duplex, Principal",2663
2664,146,4,"Duplex, Principal",2664
2665,146,5,"Duplex, Principal",2665
2666,146,6,"Duplex, Principal",2666
2667,146,7,"Duplex, Principal",2667
2668,146,8,"Duplex, Principal",2668
2669,146,9,"Duplex, Principal",2669
2670,146,10,"Duplex, Principal",2670
2671,146,11,"Duplex, Principal",2671
2672,146,12,"Duplex, Principal",2672
2673,146,13,"Duplex, Principal",2673
2674,146,14,"Duplex, Principal",2674
2675,146,15,"Duplex, Principal",2675
2676,146,16,"Duplex, Principal",2676
2801,147,1,"Duplex, Principal",2801
2802,147,2,"Duplex, Principal",2802
2803,147,3,"Duplex, Principal",2803
2804,147,4,"Duplex, Principal",2804
2805,147,5,"Duplex, Principal",2805
2806,147,6,"Duplex, Principal",2806
2807,147,7,"Duplex, Principal",2807
2808,147,8,"Duplex, Principal",2808
2809,147,9,"Duplex, Principal",2809
2810,147,10,"Duplex, Principal",2810
2811,147,11,"Duplex, Principal",2811
2812,147,12,"Duplex, Principal",2812
2813,147,13,"Duplex, Principal",2813
2814,147,14,"Duplex, Principal",2814
2815,147,15,"Duplex, Principal",2815
2816,147,16,"Duplex, Principal",2816
2817,148,1,"Duplex, Principal",2817
2818,148,2,"Duplex, Principal",2818
2819,148,3,"Duplex, Principal",2819
2820,148,4,"Duplex, Principal",2820
2821,148,5,"Duplex, Principal",2821
2822,148,6,"Duplex, Principal",2822
2823,148,7,"Duplex, Principal",2823
2824,148,8,"Duplex, Principal",2824
2825,148,9,"Duplex, Principal",2825
2826,148,10,"Duplex, Principal",2826
2827,148,11,"Duplex, Principal",2827
2828,148,12,"Duplex, Principal",2828
2829,148,13,"Duplex, Principal",2829
2830,148,14,"Duplex, Principal",2830
2831,148,15,"Duplex, Principal",2831
2832,148,16,"Duplex, Principal",2832
2901,149,1,"Duplex, Principal",2901
2902,149,2,"Duplex, Principal",2902
2903,149,3,"Duplex, Principal",2903
2904,149,4,"Duplex, Principal",2904
2905,149,5,"Duplex, Principal",2905
2906,149,6,"Duplex, Principal",2906
2907,149,7,"Duplex, Principal",2907
2908,149,8,"Duplex, Principal",2908
2909,149,9,"Duplex, Principal",2909
2910,149,10,"Duplex, Principal",2910
2911,149,11,"Duplex, Principal",2911
2912,149,12,"Duplex, Principal",2912
2913,149,13,"Duplex, Principal",2913
2914,149,14,"Duplex, Principal",2914
2915,149,15,"Duplex, Principal",2915
2916,149,16,"Duplex, Principal",2916
2917,150,1,"Duplex, Principal",2917
2918,150,2,"Duplex, Principal",2918
2919,150,3,"Duplex, Principal",2919
2920,150,4,"Duplex, Principal",2920
2921,150,5,"Duplex, Principal",2921
2922,150,6,"Duplex, Principal",2922
2923,150,7,"Duplex, Principal",2923
2924,150,8,"Duplex, Principal",2924
2925,150,9,"Duplex, Principal",2925
2926,150,10,"Duplex, Principal",2926
2927,150,11,"Duplex, Principal",2927
2928,150,12,"Duplex, Principal",2928
2929,150,13,"Duplex, Principal",2929
2930,150,14,"Duplex, Principal",2930
2931,150,15,"Duplex, Principal",2931
2932,150,16,"Duplex, Principal",2932
3001,152,1,"Triplex, English Gothic",3501
3002,152,2,"Triplex, English Gothic",3502
3003,152,3,"Triplex, English Gothic",3503
3004,152,4,"Triplex, English Gothic",3504
3005,152,5,"Triplex, English Gothic",3505
3006,152,6,"Triplex, English Gothic",3506
3007,152,7,"Triplex, English Gothic",3507
3008,152,8,"Triplex, English Gothic",3508
3009,152,9,"Triplex, English Gothic",3509
3010,152,10,"Triplex, English Gothic",3510
3011,152,11,"Triplex, English Gothic",3511
3012,152,12,"Triplex, English Gothic",3512
3013,152,13,"Triplex, English Gothic",3513
3014,152,14,"Triplex, English Gothic",3514
3015,152,15,"Triplex, English Gothic",3515
3016,152,16,"Triplex, English Gothic",3516
3017,152,17,"Triplex, English Gothic",3517
3018,152,18,"Triplex, English Gothic",3518
3019,152,19,"Triplex, English Gothic",3519
3020,152,20,"Triplex, English Gothic",3520
3021,153,1,"Triplex, English Gothic",3521
3022,153,2,"Triplex, English Gothic",3522
3023,153,3,"Triplex, English Gothic",3523
3024,153,4,"Triplex, English Gothic",3524
3025,153,5,"Triplex, English Gothic",3525
3026,153,6,"Triplex, English Gothic",3526
3101,153,11,"Triplex, English Gothic",3601
3102,153,12,"Triplex, English Gothic",3602
3103,153,13,"Triplex, English Gothic",3603
3104,153,14,"Triplex, English Gothic",3604
3105,153,15,"Triplex, English Gothic",3605
3106,153,16,"Triplex, English Gothic",3606
3107,153,17,"Triplex, English Gothic",3607
3108,153,18,"Triplex, English Gothic",3608
3109,153,19,"Triplex, English Gothic",3609
3110,153,20,"Triplex, English Gothic",3610
3111,154,1,"Triplex, English Gothic",3611
3112,154,2,"Triplex, English Gothic",3612
3113,154,3,"Triplex, English Gothic",3613
3114,154,4,"Triplex, English Gothic",3614
3115,154,5,"Triplex, English Gothic",3615
3116,154,6,"Triplex, English Gothic",3616
3117,154,7,"Triplex, English Gothic",3617
3118,154,8,"Triplex, English Gothic",3618
3119,154,9,"Triplex, English Gothic",3619
3120,154,10,"Triplex, English Gothic",3620
3121,154,11,"Triplex, English Gothic",3621
3122,154,12,"Triplex, English Gothic",3622
3123,154,13,"Triplex, English Gothic",3623
3124,154,14,"Triplex, English Gothic",3624
3125,154,15,"Triplex, English Gothic",3625
3126,154,16,"Triplex, English Gothic",3626
3201,155,1,"Triplex, Italian Gothic",3801
3202,155,2,"Triplex, Italian Gothic",3802
3203,155,3,"Triplex, Italian Gothic",3803
3204,155,4,"Triplex, Italian Gothic",3804
3205,155,5,"Triplex, Italian Gothic",3805
3206,155,6,"Triplex, Italian Gothic",3806
3207,155,7,"Triplex, Italian Gothic",3807
3208,155,8,"Triplex, Italian Gothic",3808
3209,155,9,"Triplex, Italian Gothic",3809
3210,155,10,"Triplex, Italian Gothic",3810
3211,155,11,"Triplex, Italian Gothic",3811
3212,155,12,"Triplex, Italian Gothic",3812
3213,155,13,"Triplex, Italian Gothic",3813
3214,155,14,"Triplex, Italian Gothic",3814
3215,155,15,"Triplex, Italian Gothic",3815
3216,155,16,"Triplex, Italian Gothic",3816
3217,155,17,"Triplex, Italian Gothic",3817
3218,155,18,"Triplex, Italian Gothic",3818
3219,155,19,"Triplex, Italian Gothic",3819
3220,155,20,"Triplex, Italian Gothic",3820
3221,156,1,"Triplex, Italian Gothic",3821
3222,156,2,"Triplex, Italian Gothic",3822
3223,156,3,"Triplex, Italian Gothic",3823
3224,156,4,"Triplex, Italian Gothic",3824
3225,156,5,"Triplex, Italian Gothic",3825
3226,156,6,"Triplex, Italian Gothic",3826
3301,156,11,"Triplex, Italian Gothic",3901
3302,156,12,"Triplex, Italian Gothic",3902
3303,156,13,"Triplex, Italian Gothic",3903
3304,156,14,"Triplex, Italian Gothic",3904
3305,156,15,"Triplex, Italian Gothic",3905
3306,156,16,"Triplex, Italian Gothic",3906
3307,156,17,"Triplex, Italian Gothic",3907
3308,156,18,"Triplex, Italian Gothic",3908
3309,156,19,"Triplex, Italian Gothic",3909
3310,156,20,"Triplex, Italian Gothic",3910
3311,157,1,"Triplex, Italian Gothic",3911
3312,157,2,"Triplex, Italian Gothic",3912
3313,157,3,"Triplex, Italian Gothic",3913
3314,157,4,"Triplex, Italian Gothic",3914
3315,157,5,"Triplex, Italian Gothic",3915
3316,157,6,"Triplex, Italian Gothic",3916
3317,157,7,"Triplex, Italian Gothic",3917
3318,157,8,"Triplex, Italian Gothic",3918
3319,157,9,"Triplex, Italian Gothic",3919
3320,157,10,"Triplex, Italian Gothic",3920
3321,157,11,"Triplex, Italian Gothic",3921
3322,157,12,"Triplex, Italian Gothic",3922
3323,157,13,"Triplex, Italian Gothic",3923
3324,157,14,"Triplex, Italian Gothic",3924
3325,157,15,"Triplex, Italian Gothic",3925
3326,157,16,"Triplex, Italian Gothic",3926
3401,158,1,"Triplex, German Gothic",3301
3402,158,2,"Triplex, German Gothic",3302
3403,158,3,"Triplex, German Gothic",3303
3404,158,4,"Triplex, German Gothic",3304
3405,158,5,"Triplex, German Gothic",3305
3406,158,6,"Triplex, German Gothic",3306
3407,158,7,"Triplex, German Gothic",3307
3408,158,8,"Triplex, German Gothic",3308
3409,158,9,"Triplex, German Gothic",3309
3410,158,10,"Triplex, German Gothic",3310
3411,158,11,"Triplex, German Gothic",3311
3412,158,12,"Triplex, German Gothic",3312
3413,158,13,"Triplex, German Gothic",3313
3414,158,14,"Triplex, German Gothic",3314
3415,158,15,"Triplex, German Gothic",3315
3416,158,16,"Triplex, German Gothic",3316
3417,158,17,"Triplex, German Gothic",3317
3418,158,18,"Triplex, German Gothic",3318
3419,158,19,"Triplex, German Gothic",3319
3420,158,20,"Triplex, German Gothic",3320
3421,159,1,"Triplex, German Gothic",3321
3422,159,2,"Triplex, German Gothic",3322
3423,159,3,"Triplex, German Gothic",3323
3424,159,4,"Triplex, German Gothic",3324
3425,159,5,"Triplex, German Gothic",3325
3426,159,6,"Triplex, German Gothic",3326
3501,159,11,"Triplex, German Gothic",3401
3502,159,12,"Triplex, German Gothic",3402
3503,159,13,"Triplex, German Gothic",3403
3504,159,14,"Triplex, German Gothic",3404
3505,159,15,"Triplex, German Gothic",3405
3506,159,16,"Triplex, German Gothic",3406
3507,159,17,"Triplex, German Gothic",3407
3508,159,18,"Triplex, German Gothic",3408
3509,159,19,"Triplex, German Gothic",3409
3510,159,20,"Triplex, German Gothic",3410
3511,160,1,"Triplex, German Gothic",3411
3512,160,2,"Triplex, German Gothic",3412
3513,160,3,"Triplex, German Gothic",3413
3514,160,4,"Triplex, German Gothic",3414
3515,160,5,"Triplex, German Gothic",3415
3516,160,6,"Triplex, German Gothic",3416
3517,160,7,"Triplex, German Gothic",3417
3518,160,8,"Triplex, German Gothic",3418
3519,160,9,"Triplex, German Gothic",3419
3520,160,10,"Triplex, German Gothic",3420
3521,160,11,"Triplex, German Gothic",3421
3522,160,12,"Triplex, German Gothic",3422
3523,160,13,"Triplex, German Gothic",3423
3524,160,14,"Triplex, German Gothic",3424
3525,160,15,"Triplex, German Gothic",3425
3526,160,16,"Triplex, German Gothic",3426
3527,160,17,"Triplex, German Gothic",3427
