Glyph Number,NBS Font,NBS Description,Unicode,Unicode Name
1,Cartographic,Roman Upper Case,0041,
2,Cartographic,Roman Upper Case,0042,
3,Cartographic,Roman Upper Case,0043,
4,Cartographic,Roman Upper Case,0044,
5,Cartographic,Roman Upper Case,0045,
6,Cartographic,Roman Upper Case,0046,
7,Cartographic,Roman Upper Case,0047,
8,Cartographic,Roman Upper Case,0048,
9,Cartographic,Roman Upper Case,0049,
10,Cartographic,Roman Upper Case,004A,
11,Cartographic,Roman Upper Case,004B,
12,Cartographic,Roman Upper Case,004C,
13,Cartographic,Roman Upper Case,004D,
14,Cartographic,Roman Upper Case,004E,
15,Cartographic,Roman Upper Case,004F,
16,Cartographic,Roman Upper Case,0050,
17,Cartographic,Roman Upper Case,0051,
18,Cartographic,Roman Upper Case,0052,
19,Cartographic,Roman Upper Case,0053,
20,Cartographic,Roman Upper Case,0054,
21,Cartographic,Roman Upper Case,0055,
22,Cartographic,Roman Upper Case,0056,
23,Cartographic,Roman Upper Case,0057,
24,Cartographic,Roman Upper Case,0058,
25,Cartographic,Roman Upper Case,0059,
26,Cartographic,Roman Upper Case,005A,
27,Cartographic,Greek Upper Case,0391,
28,Cartographic,Greek Upper Case,0392,
29,Cartographic,Greek Upper Case,0393,
30,Cartographic,Greek Upper Case,0394,
31,Cartographic,Greek Upper Case,0395,
32,Cartographic,Greek Upper Case,0396,
33,Cartographic,Greek Upper Case,0397,
34,Cartographic,Greek Upper Case,0398,
35,Cartographic,Greek Upper Case,0399,
36,Cartographic,Greek Upper Case,039A,
37,Cartographic,Greek Upper Case,039B,
38,Cartographic,Greek Upper Case,039C,
39,Cartographic,Greek Upper Case,039D,
40,Cartographic,Greek Upper Case,039E,
41,Cartographic,Greek Upper Case,039F,
42,Cartographic,Greek Upper Case,03A0,
43,Cartographic,Greek Upper Case,03A1,
44,Cartographic,Greek Upper Case,03A3,
45,Cartographic,Greek Upper Case,03A4,
46,Cartographic,Greek Upper Case,03A5,
47,Cartographic,Greek Upper Case,03A6,
48,Cartographic,Greek Upper Case,03A7,
49,Cartographic,Greek Upper Case,03A8,
50,Cartographic,Greek Upper Case,03A9,
197,Cartographic,Blank,200B,
198,Cartographic,Blank,0020,
199,Cartographic,Blank,2002,
200,Cartographic,Numeral Zero,0030,
201,Cartographic,Numeral One,0031,
202,Cartographic,Numeral Two,0032,
203,Cartographic,Numeral Three,0033,
204,Cartographic,Numeral Four,0034,
205,Cartographic,Numeral Five,0035,
206,Cartographic,Numeral Six,0036,
207,Cartographic,Numeral Seven,0037,
208,Cartographic,Numeral Eight,0038,
209,Cartographic,Numeral Nine,0039,
210,Cartographic,Period,002E,
211,Cartographic,Comma,002C,
212,Cartographic,Colon,003A,
213,Cartographic,Semicolon,003B,
214,Cartographic,Exclamation,0021,
215,Cartographic,Interrogation,003F,
216,Cartographic,Prime,0027,
217,Cartographic,Second,0022,
218,Cartographic,Degree,00B0,
219,Cartographic,Dollar,0024,
220,Cartographic,Solidus,002F,
221,Cartographic,Left Parenthesis,0028,
222,Cartographic,Right Parenthesis,0029,
223,Cartographic,Bar,007C,
224,Cartographic,Difference,2212,
225,Cartographic,Sum,002B,
226,Cartographic,Equality,003D,
227,Cartographic,Cross,00D7,
228,Cartographic,Asterisk,2217,
229,Cartographic,Dot,22C5,
230,Cartographic,Left Quotation,2018,
231,Cartographic,Right Quotation,2019,
232,Cartographic,Arrow,2192,
233,Cartographic,Number,0023,
234,Cartographic,Ampersand,0026,
235,Cartographic,Lozenge,2BCF,
501,Simplex,Roman Upper Case,0041,
502,Simplex,Roman Upper Case,0042,
503,Simplex,Roman Upper Case,0043,
504,Simplex,Roman Upper Case,0044,
505,Simplex,Roman Upper Case,0045,
506,Simplex,Roman Upper Case,0046,
507,Simplex,Roman Upper Case,0047,
508,Simplex,Roman Upper Case,0048,
509,Simplex,Roman Upper Case,0049,
510,Simplex,Roman Upper Case,004A,
511,Simplex,Roman Upper Case,004B,
512,Simplex,Roman Upper Case,004C,
513,Simplex,Roman Upper Case,004D,
514,Simplex,Roman Upper Case,004E,
515,Simplex,Roman Upper Case,004F,
516,Simplex,Roman Upper Case,0050,
517,Simplex,Roman Upper Case,0051,
518,Simplex,Roman Upper Case,0052,
519,Simplex,Roman Upper Case,0053,
520,Simplex,Roman Upper Case,0054,
521,Simplex,Roman Upper Case,0055,
522,Simplex,Roman Upper Case,0056,
523,Simplex,Roman Upper Case,0057,
524,Simplex,Roman Upper Case,0058,
525,Simplex,Roman Upper Case,0059,
526,Simplex,Roman Upper Case,005A,
527,Simplex,Greek Upper Case,0391,
528,Simplex,Greek Upper Case,0392,
529,Simplex,Greek Upper Case,0393,
530,Simplex,Greek Upper Case,0394,
531,Simplex,Greek Upper Case,0395,
532,Simplex,Greek Upper Case,0396,
533,Simplex,Greek Upper Case,0397,
534,Simplex,Greek Upper Case,0398,
535,Simplex,Greek Upper Case,0399,
536,Simplex,Greek Upper Case,039A,
537,Simplex,Greek Upper Case,039B,
538,Simplex,Greek Upper Case,039C,
539,Simplex,Greek Upper Case,039D,
540,Simplex,Greek Upper Case,039E,
541,Simplex,Greek Upper Case,039F,
542,Simplex,Greek Upper Case,03A0,
543,Simplex,Greek Upper Case,03A1,
544,Simplex,Greek Upper Case,03A3,
545,Simplex,Greek Upper Case,03A4,
546,Simplex,Greek Upper Case,03A5,
547,Simplex,Greek Upper Case,03A6,
548,Simplex,Greek Upper Case,03A7,
549,Simplex,Greek Upper Case,03A8,
550,Simplex,Greek Upper Case,03A9,
551,Simplex Script,Roman Upper Case,0041,
552,Simplex Script,Roman Upper Case,0042,
553,Simplex Script,Roman Upper Case,0043,
554,Simplex Script,Roman Upper Case,0044,
555,Simplex Script,Roman Upper Case,0045,
556,Simplex Script,Roman Upper Case,0046,
557,Simplex Script,Roman Upper Case,0047,
558,Simplex Script,Roman Upper Case,0048,
559,Simplex Script,Roman Upper Case,0049,
560,Simplex Script,Roman Upper Case,004A,
561,Simplex Script,Roman Upper Case,004B,
562,Simplex Script,Roman Upper Case,004C,
563,Simplex Script,Roman Upper Case,004D,
564,Simplex Script,Roman Upper Case,004E,
565,Simplex Script,Roman Upper Case,004F,
566,Simplex Script,Roman Upper Case,0050,
567,Simplex Script,Roman Upper Case,0051,
568,Simplex Script,Roman Upper Case,0052,
569,Simplex Script,Roman Upper Case,0053,
570,Simplex Script,Roman Upper Case,0054,
571,Simplex Script,Roman Upper Case,0055,
572,Simplex Script,Roman Upper Case,0056,
573,Simplex Script,Roman Upper Case,0057,
574,Simplex Script,Roman Upper Case,0058,
575,Simplex Script,Roman Upper Case,0059,
576,Simplex Script,Roman Upper Case,005A,
583,Simplex,Nabla,2207,
601,Simplex,Roman Lower Case,0061,
602,Simplex,Roman Lower Case,0062,
603,Simplex,Roman Lower Case,0063,
604,Simplex,Roman Lower Case,0064,
605,Simplex,Roman Lower Case,0065,
606,Simplex,Roman Lower Case,0066,
607,Simplex,Roman Lower Case,0067,
608,Simplex,Roman Lower Case,0068,
609,Simplex,Roman Lower Case,0069,
610,Simplex,Roman Lower Case,006A,
611,Simplex,Roman Lower Case,006B,
612,Simplex,Roman Lower Case,006C,
613,Simplex,Roman Lower Case,006D,
614,Simplex,Roman Lower Case,006E,
615,Simplex,Roman Lower Case,006F,
616,Simplex,Roman Lower Case,0070,
617,Simplex,Roman Lower Case,0071,
618,Simplex,Roman Lower Case,0072,
619,Simplex,Roman Lower Case,0073,
620,Simplex,Roman Lower Case,0074,
621,Simplex,Roman Lower Case,0075,
622,Simplex,Roman Lower Case,0076,
623,Simplex,Roman Lower Case,0077,
624,Simplex,Roman Lower Case,0078,
625,Simplex,Roman Lower Case,0079,
626,Simplex,Roman Lower Case,007A,
627,Simplex,Greek Lower Case,03B1,
628,Simplex,Greek Lower Case,03B2,
629,Simplex,Greek Lower Case,03B3,
630,Simplex,Greek Lower Case,03B4,
631,Simplex,Greek Lower Case,03B5,
632,Simplex,Greek Lower Case,03B6,
633,Simplex,Greek Lower Case,03B7,
634,Simplex,Greek Lower Case,03B8,
635,Simplex,Greek Lower Case,03B9,
636,Simplex,Greek Lower Case,03BA,
637,Simplex,Greek Lower Case,03BB,
638,Simplex,Greek Lower Case,03BC,
639,Simplex,Greek Lower Case,03BD,
640,Simplex,Greek Lower Case,03BE,
641,Simplex,Greek Lower Case,03BF,
642,Simplex,Greek Lower Case,03C0,
643,Simplex,Greek Lower Case,03C1,
644,Simplex,Greek Lower Case,03C3,
645,Simplex,Greek Lower Case,03C4,
646,Simplex,Greek Lower Case,03C5,
647,Simplex,Greek Lower Case,03C6,
648,Simplex,Greek Lower Case,03C7,
649,Simplex,Greek Lower Case,03C8,
650,Simplex,Greek Lower Case,03C9,
651,Simplex Script,Roman Lower Case,0061,
652,Simplex Script,Roman Lower Case,0062,
653,Simplex Script,Roman Lower Case,0063,
654,Simplex Script,Roman Lower Case,0064,
655,Simplex Script,Roman Lower Case,0065,
656,Simplex Script,Roman Lower Case,0066,
657,Simplex Script,Roman Lower Case,0067,
658,Simplex Script,Roman Lower Case,0068,
659,Simplex Script,Roman Lower Case,0069,
660,Simplex Script,Roman Lower Case,006A,
661,Simplex Script,Roman Lower Case,006B,
662,Simplex Script,Roman Lower Case,006C,
663,Simplex Script,Roman Lower Case,006D,
664,Simplex Script,Roman Lower Case,006E,
665,Simplex Script,Roman Lower Case,006F,
666,Simplex Script,Roman Lower Case,0070,
667,Simplex Script,Roman Lower Case,0071,
668,Simplex Script,Roman Lower Case,0072,
669,Simplex Script,Roman Lower Case,0073,
670,Simplex Script,Roman Lower Case,0074,
671,Simplex Script,Roman Lower Case,0075,
672,Simplex Script,Roman Lower Case,0076,
673,Simplex Script,Roman Lower Case,0077,
674,Simplex Script,Roman Lower Case,0078,
675,Simplex Script,Roman Lower Case,0079,
676,Simplex Script,Roman Lower Case,007A,
677,Simplex,,2113,
683,Simplex,,1D715,
684,Simplex,,1D716,
685,Simplex,,1D703,
686,Simplex,,1D719,
687,Simplex,,1D70D,
697,Simplex,Blank,200B,
698,Simplex,Blank,0020,
699,Simplex,Blank,2002,
700,Simplex,Numeral Zero,0030,
701,Simplex,Numeral One,0031,
702,Simplex,Numeral Two,0032,
703,Simplex,Numeral Three,0033,
704,Simplex,Numeral Four,0034,
705,Simplex,Numeral Five,0035,
706,Simplex,Numeral Six,0036,
707,Simplex,Numeral Seven,0037,
708,Simplex,Numeral Eight,0038,
709,Simplex,Numeral Nine,0039,
710,Simplex,Period,002E,
711,Simplex,Comma,002C,
712,Simplex,Colon,003A,
713,Simplex,Semicolon,003B,
714,Simplex,Exclamation,0021,
715,Simplex,Interrogation,003F,
716,Simplex,Prime,0027,
717,Simplex,Second,0022,
718,Simplex,Degree,00B0,
719,Simplex,Dollar,0024,
720,Simplex,Solidus,002F,
721,Simplex,Left Parenthesis,0028,
722,Simplex,Right Parenthesis,0029,
723,Simplex,Bar,007C,
724,Simplex,Difference,2212,
725,Simplex,Sum,002B,
726,Simplex,Equality,003D,
727,Simplex,Cross,00D7,
728,Simplex,Asterisk,2217,
729,Simplex,Dot,22C5,
730,Simplex,Left Quotation,2018,
731,Simplex,Right Quotation,2019,
732,Simplex,Arrow,2192,
733,Simplex,Number,0023,
734,Simplex,Ampersand,0026,
735,Simplex,Lozenge,2BCF,
737,,Parallel,,
738,,Perpendicular,,
739,,Angle,,
740,,Conclusion,,
741,,Spade,2664,
742,,Heart,2661,
743,,Diamond,2662,
744,,Club,2667,
745,,Shamrock,2618,
746,,Fleur De Lis,269C,
750,,Drizzle,,
751,,Rain,,
752,,Snow,,
753,,Surface Cold Front,,
754,,Surface Warm Front,,
755,,50 Knot Flag,,
756,,Upper Cold Front,,
757,,Upper Warm Front,,
758,,Cumulo,,
759,,Alto,,
760,,Alto,,
761,,Cirro,,
762,,Left Cirrostrato,,
763,,Right Cirrostrato,,
764,,Sand,,
765,,Glaze,,
766,,Haze,,
767,,Thunderstorm,2608,
768,,Hurricane,,
796,,Horizontal,,
797,,45-oblique,,
798,,Vertical,,
799,,135-oblique,,
800,,Horizontal,,
801,,30-oblique,,
802,,60-oblique,,
803,,Vertical,,
804,,120-oblique,,
805,,150-oblique,,
806,,Horizontal,,
807,,45-oblique,,
808,,Vertical,,
809,,135-oblique,,
810,,Upper Left Quadrant,,
811,,Lower Left Quadrant,,
812,,Lower Right Quadrant,,
813,,Upper Right Quadrant,,
814,,Lower Quadrant,,
815,,Left Quadrant,,
816,,Right Quadrant,,
817,,Upper Quadrant,,
818,,Vertical Zigzag,,
819,,Horizontal Zigzag,,
820,,30-zigzag,,
821,,45-zigzag,,
822,,Upper Loop,,
823,,Left Loop,,
824,,Lower Loop,,
825,,Right Loop,,
826,,30-loop,,
827,,45-loop,,
828,,Junction,,
829,,Jumper,,
830,,Grid,,
831,,Shield,,
832,,Filament,,
833,,Ground,,
834,,Antenna,,
840,,Circle,,
841,,Square,,
842,,Triangle,,
843,,Diamond,,
844,,Star,2606,
845,,Mark,,
846,,Cross,,
847,,Asterisk,,
850,,Circle,,
851,,Square,,
852,,Up Vertex,,
853,,Left Vertex,,
854,,Down Vertex,,
855,,Right Vertex,,
856,,Star,2605,
857,,Flag,1F6A9,
860,,Anchorage,2693,
861,,Aerodrome,1F6E7,
862,,Mine,2692,
863,,Derrick,,
864,,Lightship,,
865,,Wreck,,
866,,Cross,,
867,,Crescent,,
868,,Star,,
869,,Bell,,
870,,Palm,,
871,,Pine,,
872,,Oak,,
873,,Willow,,
874,,Grass,,
899,,Dot,,
900,,2-circle,,
901,,4-circle,,
902,,5-circle,,
903,,7-circle,,
904,,11-circle,,
905,,17-circle,,
906,,22-circle,,
907,,41-circle,,
908,,US Highway,,
909,,Interstate Highway,1F6E1,
997,Cartographic,,005F,
998,Index,,005F,
999,Complex,,005F,
1001,Index,Roman Upper Case,0041,
1002,Index,Roman Upper Case,0042,
1003,Index,Roman Upper Case,0043,
1004,Index,Roman Upper Case,0044,
1005,Index,Roman Upper Case,0045,
1006,Index,Roman Upper Case,0046,
1007,Index,Roman Upper Case,0047,
1008,Index,Roman Upper Case,0048,
1009,Index,Roman Upper Case,0049,
1010,Index,Roman Upper Case,004A,
1011,Index,Roman Upper Case,004B,
1012,Index,Roman Upper Case,004C,
1013,Index,Roman Upper Case,004D,
1014,Index,Roman Upper Case,004E,
1015,Index,Roman Upper Case,004F,
1016,Index,Roman Upper Case,0050,
1017,Index,Roman Upper Case,0051,
1018,Index,Roman Upper Case,0052,
1019,Index,Roman Upper Case,0053,
1020,Index,Roman Upper Case,0054,
1021,Index,Roman Upper Case,0055,
1022,Index,Roman Upper Case,0056,
1023,Index,Roman Upper Case,0057,
1024,Index,Roman Upper Case,0058,
1025,Index,Roman Upper Case,0059,
1026,Index,Roman Upper Case,005A,
1027,Index,Greek Upper Case,0391,
1028,Index,Greek Upper Case,0392,
1029,Index,Greek Upper Case,0393,
1030,Index,Greek Upper Case,0394,
1031,Index,Greek Upper Case,0395,
1032,Index,Greek Upper Case,0396,
1033,Index,Greek Upper Case,0397,
1034,Index,Greek Upper Case,0398,
1035,Index,Greek Upper Case,0399,
1036,Index,Greek Upper Case,039A,
1037,Index,Greek Upper Case,039B,
1038,Index,Greek Upper Case,039C,
1039,Index,Greek Upper Case,039D,
1040,Index,Greek Upper Case,039E,
1041,Index,Greek Upper Case,039F,
1042,Index,Greek Upper Case,03A0,
1043,Index,Greek Upper Case,03A1,
1044,Index,Greek Upper Case,03A3,
1045,Index,Greek Upper Case,03A4,
1046,Index,Greek Upper Case,03A5,
1047,Index,Greek Upper Case,03A6,
1048,Index,Greek Upper Case,03A7,
1049,Index,Greek Upper Case,03A8,
1050,Index,Greek Upper Case,03A9,
1051,Index Italic,Roman Upper Case,0041,
1052,Index Italic,Roman Upper Case,0042,
1053,Index Italic,Roman Upper Case,0043,
1054,Index Italic,Roman Upper Case,0044,
1055,Index Italic,Roman Upper Case,0045,
1056,Index Italic,Roman Upper Case,0046,
1057,Index Italic,Roman Upper Case,0047,
1058,Index Italic,Roman Upper Case,0048,
1059,Index Italic,Roman Upper Case,0049,
1060,Index Italic,Roman Upper Case,004A,
1061,Index Italic,Roman Upper Case,004B,
1062,Index Italic,Roman Upper Case,004C,
1063,Index Italic,Roman Upper Case,004D,
1064,Index Italic,Roman Upper Case,004E,
1065,Index Italic,Roman Upper Case,004F,
1066,Index Italic,Roman Upper Case,0050,
1067,Index Italic,Roman Upper Case,0051,
1068,Index Italic,Roman Upper Case,0052,
1069,Index Italic,Roman Upper Case,0053,
1070,Index Italic,Roman Upper Case,0054,
1071,Index Italic,Roman Upper Case,0055,
1072,Index Italic,Roman Upper Case,0056,
1073,Index Italic,Roman Upper Case,0057,
1074,Index Italic,Roman Upper Case,0058,
1075,Index Italic,Roman Upper Case,0059,
1076,Index Italic,Roman Upper Case,005A,
1101,Index,Roman Lower Case,0061,
1102,Index,Roman Lower Case,0062,
1103,Index,Roman Lower Case,0063,
1104,Index,Roman Lower Case,0064,
1105,Index,Roman Lower Case,0065,
1106,Index,Roman Lower Case,0066,
1107,Index,Roman Lower Case,0067,
1108,Index,Roman Lower Case,0068,
1109,Index,Roman Lower Case,0069,
1110,Index,Roman Lower Case,006A,
1111,Index,Roman Lower Case,006B,
1112,Index,Roman Lower Case,006C,
1113,Index,Roman Lower Case,006D,
1114,Index,Roman Lower Case,006E,
1115,Index,Roman Lower Case,006F,
1116,Index,Roman Lower Case,0070,
1117,Index,Roman Lower Case,0071,
1118,Index,Roman Lower Case,0072,
1119,Index,Roman Lower Case,0073,
1120,Index,Roman Lower Case,0074,
1121,Index,Roman Lower Case,0075,
1122,Index,Roman Lower Case,0076,
1123,Index,Roman Lower Case,0077,
1124,Index,Roman Lower Case,0078,
1125,Index,Roman Lower Case,0079,
1126,Index,Roman Lower Case,007A,
1127,Index,Greek Lower Case,03B1,
1128,Index,Greek Lower Case,03B2,
1129,Index,Greek Lower Case,03B3,
1130,Index,Greek Lower Case,03B4,
1131,Index,Greek Lower Case,03B5,
1132,Index,Greek Lower Case,03B6,
1133,Index,Greek Lower Case,03B7,
1134,Index,Greek Lower Case,03B8,
1135,Index,Greek Lower Case,03B9,
1136,Index,Greek Lower Case,03BA,
1137,Index,Greek Lower Case,03BB,
1138,Index,Greek Lower Case,03BC,
1139,Index,Greek Lower Case,03BD,
1140,Index,Greek Lower Case,03BE,
1141,Index,Greek Lower Case,03BF,
1142,Index,Greek Lower Case,03C0,
1143,Index,Greek Lower Case,03C1,
1144,Index,Greek Lower Case,03C3,
1145,Index,Greek Lower Case,03C4,
1146,Index,Greek Lower Case,03C5,
1147,Index,Greek Lower Case,03C6,
1148,Index,Greek Lower Case,03C7,
1149,Index,Greek Lower Case,03C8,
1150,Index,Greek Lower Case,03C9,
1151,Index Italic,Roman Lower Case,0061,
1152,Index Italic,Roman Lower Case,0062,
1153,Index Italic,Roman Lower Case,0063,
1154,Index Italic,Roman Lower Case,0064,
1155,Index Italic,Roman Lower Case,0065,
1156,Index Italic,Roman Lower Case,0066,
1157,Index Italic,Roman Lower Case,0067,
1158,Index Italic,Roman Lower Case,0068,
1159,Index Italic,Roman Lower Case,0069,
1160,Index Italic,Roman Lower Case,006A,
1161,Index Italic,Roman Lower Case,006B,
1162,Index Italic,Roman Lower Case,006C,
1163,Index Italic,Roman Lower Case,006D,
1164,Index Italic,Roman Lower Case,006E,
1165,Index Italic,Roman Lower Case,006F,
1166,Index Italic,Roman Lower Case,0070,
1167,Index Italic,Roman Lower Case,0071,
1168,Index Italic,Roman Lower Case,0072,
1169,Index Italic,Roman Lower Case,0073,
1170,Index Italic,Roman Lower Case,0074,
1171,Index Italic,Roman Lower Case,0075,
1172,Index Italic,Roman Lower Case,0076,
1173,Index Italic,Roman Lower Case,0077,
1174,Index Italic,Roman Lower Case,0078,
1175,Index Italic,Roman Lower Case,0079,
1176,Index Italic,Roman Lower Case,007A,
1177,Index,,Ligature,
1178,Index,,Ligature,
1179,Index,,Ligature,
1180,Index,,Ligature,
1181,Index,,Ligature,
1182,Index,,0131,
1184,Index,,1D716,
1185,Index,,1D703,
1186,Index,,1D719,
1187,Index,,1D70D,
1191,Index Italic,,Ligature,
1192,Index Italic,,Ligature,
1193,Index Italic,,Ligature,
1194,Index Italic,,Ligature,
1195,Index Italic,,Ligature,
1196,Index Italic,,0131,
1197,Index,Blank,200B,
1198,Index,Blank,0020,
1199,Index,Blank,2002,
1200,Index,Numeral Zero,0030,
1201,Index,Numeral One,0031,
1202,Index,Numeral Two,0032,
1203,Index,Numeral Three,0033,
1204,Index,Numeral Four,0034,
1205,Index,Numeral Five,0035,
1206,Index,Numeral Six,0036,
1207,Index,Numeral Seven,0037,
1208,Index,Numeral Eight,0038,
1209,Index,Numeral Nine,0039,
1210,Index,Period,002E,
1211,Index,Comma,002C,
1212,Index,Colon,003A,
1213,Index,Semicolon,003B,
1214,Index,Exclamation,0021,
1215,Index,Interrogation,003F,
1216,Index,Prime,2032,
1217,Index,Second,2033,
1218,Index,Degree,00B0,
1219,Index,Asterisk,2217,
1220,Index,Solidus,002F,
1221,Index,Left Parenthesis,0028,
1222,Index,Right Parenthesis,0029,
1223,Index,Left Bracket,005B,
1224,Index,Right Bracket,005D,
1225,Index,Left Brace,007B,
1226,Index,Right Brace,007D,
1227,Index,Left Elbow,27E8,
1228,Index,Right Elbow,27E9,
1229,Index,Bar,007C,
1230,Index,Double Bar,2016,
1231,Index,Minus,2212,
1232,Index,Plus,002B,
1233,Index,Plus or Minus,00B1,
1234,Index,Minus or Plus,2213,
1235,Index,Cross Product,00D7,
1236,Index,Dot Product,22C5,
1237,Index,Quotient,00F7,
1238,Index,Equality,003D,
1239,Index,Inequality,2260,
1240,Index,Identity,2261,
1241,Index,Less,003C,
1242,Index,More,003E,
1243,Index,Equal or Less,2266,
1244,Index,Equal or More,2267,
1245,Index,Variation,221D,
1246,Index,Approximation,223C,
1247,Index,Caret,2038,
1248,Index,Acute Accent,02CA,
1249,Index,Grave Accent,02CB,
1250,Index,Breve,02D8,
1251,Index,Right Quotation,2019,
1252,Index,Left Quotation,2018,
1253,Index,Normal Aspirate,02BD,
1254,Index,Inverted Aspirate,,
1256,Index,Right Hook,2282,
1257,Index,Up Hook,222A,
1258,Index,Left Hook,2282,
1259,Index,Down Hook,2229,
1260,Index,Element,2208,
1261,Index,Right Arrow,2192,
1262,Index,Up Arrow,2191,
1263,Index,Left Arrow,2190,
1264,Index,Down Arrow,2193,
1265,Index,Delta,2202,
1266,Index,Nabla,2207,
1267,Index,Radical,221A,
1268,Index,Integral,222B,
1269,Index,Circuit Integral,222E,
1270,Index,Infinity,221E,
1271,Index,Percent,0025,
1272,Index,Ampersand,0026,
1273,Index,At,0040,
1274,Index,Dollar,0024,
1275,Index,Number,0023,
1276,Index,Paragraph,00A7,
1277,Index,Dagger,2020,
1278,Index,Double Dagger,2021,
1279,Index,Existence,2203,
1281,Index,Sun,2609,
1282,Index,Mercury,263F,
1283,Index,Venus,2640,
1284,Index,Earth,2641,
1285,Index,Mars,2642,
1286,Index,Jupiter,2643,
1287,Index,Saturn,2644,
1288,Index,Uranus,26E2,
1289,Index,Neptune,2646,
1290,Index,Pluto,2647,
1291,Index,Moon,263E,
1292,Index,Comet,2604,
1293,Index,Star,2605,
1294,Index,Ascending Node,260A,
1295,Index,Descending Node,260B,
1401,Index,Pi,220F,
1402,Index,Sigma,2211,
1403,Index,Left Parenthesis,0028,
1404,Index,Right Parenthesis,0029,
1405,Index,Left Bracket,005B,
1406,Index,Right Bracket,005D,
1407,Index,Left Brace,007B,
1408,Index,Right Brace,007D,
1409,Index,Upper Half Brace,23B0,
1410,Index,Lower Half Brace,23B1,
1411,Index,Radical,221A,
1412,Index,Integral,222B,
2001,Complex,Roman Upper Case,0041,
2002,Complex,Roman Upper Case,0042,
2003,Complex,Roman Upper Case,0043,
2004,Complex,Roman Upper Case,0044,
2005,Complex,Roman Upper Case,0045,
2006,Complex,Roman Upper Case,0046,
2007,Complex,Roman Upper Case,0047,
2008,Complex,Roman Upper Case,0048,
2009,Complex,Roman Upper Case,0049,
2010,Complex,Roman Upper Case,004A,
2011,Complex,Roman Upper Case,004B,
2012,Complex,Roman Upper Case,004C,
2013,Complex,Roman Upper Case,004D,
2014,Complex,Roman Upper Case,004E,
2015,Complex,Roman Upper Case,004F,
2016,Complex,Roman Upper Case,0050,
2017,Complex,Roman Upper Case,0051,
2018,Complex,Roman Upper Case,0052,
2019,Complex,Roman Upper Case,0053,
2020,Complex,Roman Upper Case,0054,
2021,Complex,Roman Upper Case,0055,
2022,Complex,Roman Upper Case,0056,
2023,Complex,Roman Upper Case,0057,
2024,Complex,Roman Upper Case,0058,
2025,Complex,Roman Upper Case,0059,
2026,Complex,Roman Upper Case,005A,
2027,Complex,Greek Upper Case,0391,
2028,Complex,Greek Upper Case,0392,
2029,Complex,Greek Upper Case,0393,
2030,Complex,Greek Upper Case,0394,
2031,Complex,Greek Upper Case,0395,
2032,Complex,Greek Upper Case,0396,
2033,Complex,Greek Upper Case,0397,
2034,Complex,Greek Upper Case,0398,
2035,Complex,Greek Upper Case,0399,
2036,Complex,Greek Upper Case,039A,
2037,Complex,Greek Upper Case,039B,
2038,Complex,Greek Upper Case,039C,
2039,Complex,Greek Upper Case,039D,
2040,Complex,Greek Upper Case,039E,
2041,Complex,Greek Upper Case,039F,
2042,Complex,Greek Upper Case,03A0,
2043,Complex,Greek Upper Case,03A1,
2044,Complex,Greek Upper Case,03A3,
2045,Complex,Greek Upper Case,03A4,
2046,Complex,Greek Upper Case,03A5,
2047,Complex,Greek Upper Case,03A6,
2048,Complex,Greek Upper Case,03A7,
2049,Complex,Greek Upper Case,03A8,
2050,Complex,Greek Upper Case,03A9,
2051,Complex Italic,Roman Upper Case,0041,
2052,Complex Italic,Roman Upper Case,0042,
2053,Complex Italic,Roman Upper Case,0043,
2054,Complex Italic,Roman Upper Case,0044,
2055,Complex Italic,Roman Upper Case,0045,
2056,Complex Italic,Roman Upper Case,0046,
2057,Complex Italic,Roman Upper Case,0047,
2058,Complex Italic,Roman Upper Case,0048,
2059,Complex Italic,Roman Upper Case,0049,
2060,Complex Italic,Roman Upper Case,004A,
2061,Complex Italic,Roman Upper Case,004B,
2062,Complex Italic,Roman Upper Case,004C,
2063,Complex Italic,Roman Upper Case,004D,
2064,Complex Italic,Roman Upper Case,004E,
2065,Complex Italic,Roman Upper Case,004F,
2066,Complex Italic,Roman Upper Case,0050,
2067,Complex Italic,Roman Upper Case,0051,
2068,Complex Italic,Roman Upper Case,0052,
2069,Complex Italic,Roman Upper Case,0053,
2070,Complex Italic,Roman Upper Case,0054,
2071,Complex Italic,Roman Upper Case,0055,
2072,Complex Italic,Roman Upper Case,0056,
2073,Complex Italic,Roman Upper Case,0057,
2074,Complex Italic,Roman Upper Case,0058,
2075,Complex Italic,Roman Upper Case,0059,
2076,Complex Italic,Roman Upper Case,005A,
2077,Complex,Aleph,2135,
2101,Complex,Roman Lower Case,0061,
2102,Complex,Roman Lower Case,0062,
2103,Complex,Roman Lower Case,0063,
2104,Complex,Roman Lower Case,0064,
2105,Complex,Roman Lower Case,0065,
2106,Complex,Roman Lower Case,0066,
2107,Complex,Roman Lower Case,0067,
2108,Complex,Roman Lower Case,0068,
2109,Complex,Roman Lower Case,0069,
2110,Complex,Roman Lower Case,006A,
2111,Complex,Roman Lower Case,006B,
2112,Complex,Roman Lower Case,006C,
2113,Complex,Roman Lower Case,006D,
2114,Complex,Roman Lower Case,006E,
2115,Complex,Roman Lower Case,006F,
2116,Complex,Roman Lower Case,0070,
2117,Complex,Roman Lower Case,0071,
2118,Complex,Roman Lower Case,0072,
2119,Complex,Roman Lower Case,0073,
2120,Complex,Roman Lower Case,0074,
2121,Complex,Roman Lower Case,0075,
2122,Complex,Roman Lower Case,0076,
2123,Complex,Roman Lower Case,0077,
2124,Complex,Roman Lower Case,0078,
2125,Complex,Roman Lower Case,0079,
2126,Complex,Roman Lower Case,007A,
2127,Complex,Greek Lower Case,03B1,
2128,Complex,Greek Lower Case,03B2,
2129,Complex,Greek Lower Case,03B3,
2130,Complex,Greek Lower Case,03B4,
2131,Complex,Greek Lower Case,03B5,
2132,Complex,Greek Lower Case,03B6,
2133,Complex,Greek Lower Case,03B7,
2134,Complex,Greek Lower Case,03B8,
2135,Complex,Greek Lower Case,03B9,
2136,Complex,Greek Lower Case,03BA,
2137,Complex,Greek Lower Case,03BB,
2138,Complex,Greek Lower Case,03BC,
2139,Complex,Greek Lower Case,03BD,
2140,Complex,Greek Lower Case,03BE,
2141,Complex,Greek Lower Case,03BF,
2142,Complex,Greek Lower Case,03C0,
2143,Complex,Greek Lower Case,03C1,
2144,Complex,Greek Lower Case,03C3,
2145,Complex,Greek Lower Case,03C4,
2146,Complex,Greek Lower Case,03C5,
2147,Complex,Greek Lower Case,03C6,
2148,Complex,Greek Lower Case,03C7,
2149,Complex,Greek Lower Case,03C8,
2150,Complex,Greek Lower Case,03C9,
2151,Complex Italic,Roman Lower Case,0061,
2152,Complex Italic,Roman Lower Case,0062,
2153,Complex Italic,Roman Lower Case,0063,
2154,Complex Italic,Roman Lower Case,0064,
2155,Complex Italic,Roman Lower Case,0065,
2156,Complex Italic,Roman Lower Case,0066,
2157,Complex Italic,Roman Lower Case,0067,
2158,Complex Italic,Roman Lower Case,0068,
2159,Complex Italic,Roman Lower Case,0069,
2160,Complex Italic,Roman Lower Case,006A,
2161,Complex Italic,Roman Lower Case,006B,
2162,Complex Italic,Roman Lower Case,006C,
2163,Complex Italic,Roman Lower Case,006D,
2164,Complex Italic,Roman Lower Case,006E,
2165,Complex Italic,Roman Lower Case,006F,
2166,Complex Italic,Roman Lower Case,0070,
2167,Complex Italic,Roman Lower Case,0071,
2168,Complex Italic,Roman Lower Case,0072,
2169,Complex Italic,Roman Lower Case,0073,
2170,Complex Italic,Roman Lower Case,0074,
2171,Complex Italic,Roman Lower Case,0075,
2172,Complex Italic,Roman Lower Case,0076,
2173,Complex Italic,Roman Lower Case,0077,
2174,Complex Italic,Roman Lower Case,0078,
2175,Complex Italic,Roman Lower Case,0079,
2176,Complex Italic,Roman Lower Case,007A,
2177,Complex,,Ligature,
2178,Complex,,Ligature,
2179,Complex,,Ligature,
2180,Complex,,Ligature,
2181,Complex,,Ligature,
2182,Complex,,0131,
2184,Complex,,1D716,
2185,Complex,,1D703,
2186,Complex,,1D719,
2187,Complex,,1D70D,
2190,Complex,,2118,
2191,Complex Italic,,Ligature,
2192,Complex Italic,,Ligature,
2193,Complex Italic,,Ligature,
2194,Complex Italic,,Ligature,
2195,Complex Italic,,Ligature,
2196,Complex Italic,,0131,
2197,Complex,Blank,200B,
2198,Complex,Blank,0020,
2199,Complex,Blank,2002,
2200,Complex,Numeral Zero,0030,
2201,Complex,Numeral One,0031,
2202,Complex,Numeral Two,0032,
2203,Complex,Numeral Three,0033,
2204,Complex,Numeral Four,0034,
2205,Complex,Numeral Five,0035,
2206,Complex,Numeral Six,0036,
2207,Complex,Numeral Seven,0037,
2208,Complex,Numeral Eight,0038,
2209,Complex,Numeral Nine,0039,
2210,Complex,Period,002E,
2211,Complex,Comma,002C,
2212,Complex,Colon,003A,
2213,Complex,Semicolon,003B,
2214,Complex,Exclamation,0021,
2215,Complex,Interrogation,003F,
2216,Complex,Prime,2032,
2217,Complex,Second,2033,
2218,Complex,Degree,00B0,
2219,Complex,Asterisk,2217,
2220,Complex,Solidus,002F,
2221,Complex,Left Parenthesis,0028,
2222,Complex,Right Parenthesis,0029,
2223,Complex,Left Bracket,005B,
2224,Complex,Right Bracket,005D,
2225,Complex,Left Brace,007B,
2226,Complex,Right Brace,007D,
2227,Complex,Left Elbow,27E8,
2228,Complex,Right Elbow,27E9,
2229,Complex,Bar,007C,
2230,Complex,Double Bar,2016,
2231,Complex,Minus,2212,
2232,Complex,Plus,002B,
2233,Complex,Plus or Minus,00B1,
2234,Complex,Minus or Plus,2213,
2235,Complex,Cross Product,00D7,
2236,Complex,Dot Product,22C5,
2237,Complex,Quotient,00F7,
2238,Complex,Equality,003D,
2239,Complex,Inequality,2260,
2240,Complex,Identity,2261,
2241,Complex,Less,003C,
2242,Complex,More,003E,
2243,Complex,Equal or Less,2266,
2244,Complex,Equal or More,2267,
2245,Complex,Variation,221D,
2246,Complex,Approximation,223C,
2247,Complex,Caret,2038,
2248,Complex,Acute Accent,02CA,
2249,Complex,Grave Accent,02CB,
2250,Complex,Breve,02D8,
2251,Complex,Right Quotation,2019,
2252,Complex,Left Quotation,2018,
2253,Complex,Normal Aspirate,02BD,
2254,Complex,Inverted Aspirate,,
2255,Complex,Radical,221A,
2256,Complex,Right Hook,2282,
2257,Complex,Up Hook,222A,
2258,Complex,Left Hook,2282,
2259,Complex,Down Hook,2229,
2260,Complex,Element,2208,
2261,Complex,Right Arrow,2192,
2262,Complex,Up Arrow,2191,
2263,Complex,Left Arrow,2190,
2264,Complex,Down Arrow,2193,
2265,Complex,Delta,2202,
2266,Complex,Nabla,2207,
2267,Complex,Radical,221A,
2268,Complex,Integral,222B,
2269,Complex,Circuit Integral,222E,
2270,Complex,Infinity,221E,
2271,Complex,Percent,0025,
2272,Complex,Ampersand,0026,
2273,Complex,At,0040,
2274,Complex,Dollar,0024,
2275,Complex,Number,0023,
2276,Complex,Paragraph,00A7,
2277,Complex,Dagger,2020,
2278,Complex,Double Dagger,2021,
2279,Complex,Existence,2203,
2281,Complex,Sun,2609,
2282,Complex,Mercury,263F,
2283,Complex,Venus,2640,
2284,Complex,Earth,2641,
2285,Complex,Mars,2642,
2286,Complex,Jupiter,2643,
2287,Complex,Saturn,2644,
2288,Complex,Uranus,26E2,
2289,Complex,Neptune,2646,
2290,Complex,Pluto,2647,
2291,Complex,Moon,263E,
2292,Complex,Comet,2604,
2293,Complex,Star,2605,
2294,Complex,Ascending Node,260A,
2295,Complex,Descending Node,260B,
2301,Complex,Aries,2648,
2302,Complex,Taurus,2649,
2303,Complex,Gemini,264A,
2304,Complex,Cancer,264B,
2305,Complex,Leo,264C,
2306,Complex,Virgo,264D,
2307,Complex,Libra,264E,
2308,Complex,Scorpio,264F,
2309,Complex,Sagittarius,2650,
2310,Complex,Capricornus,2651,
2311,Complex,Aquarius,2652,
2312,Complex,Pisces,2653,
2317,,Dot,,
2318,,Upper Flag,,
2319,,Lower Flag,,
2320,,Whole Note,,
2321,,Half Note,,
2322,,Quarter Note,,
2323,,Sharp,266F,
2324,,Natural,266E,
2325,,Flat,266D,
2326,,Whole Rest,,
2327,,Half Rest,,
2328,,Quarter Rest,,
2329,,Eighth Rest,,
2330,,G Clef,,
2331,,F Clef,,
2332,,C Clef,,
2367,,Dot,,
2368,,Upper Flag,,
2369,,Lower Flag,,
2370,,Whole Note,,
2371,,Half Note,,
2372,,Quarter Note,,
2373,,Sharp,266F,
2374,,Natural,266E,
2375,,Flat,266D,
2376,,Whole Rest,,
2377,,Half Rest,,
2378,,Quarter Rest,,
2379,,Eighth Rest,,
2380,,G Clef,,
2381,,F Clef,,
2382,,C Clef,,
2401,Complex,Pi,220F,
2402,Complex,Sigma,2211,
2403,Complex,Left Parenthesis,0028,
2404,Complex,Right Parenthesis,0029,
2405,Complex,Left Bracket,005B,
2406,Complex,Right Bracket,005D,
2407,Complex,Left Brace,007B,
2408,Complex,Right Brace,007D,
2409,Complex,Upper Half Brace,23B0,
2410,Complex,Lower Half Brace,23B1,
2411,Complex,Radical,221A,
2412,Complex,Integral,222B,
2501,Duplex,Roman Upper Case,0041,
2502,Duplex,Roman Upper Case,0042,
2503,Duplex,Roman Upper Case,0043,
2504,Duplex,Roman Upper Case,0044,
2505,Duplex,Roman Upper Case,0045,
2506,Duplex,Roman Upper Case,0046,
2507,Duplex,Roman Upper Case,0047,
2508,Duplex,Roman Upper Case,0048,
2509,Duplex,Roman Upper Case,0049,
2510,Duplex,Roman Upper Case,004A,
2511,Duplex,Roman Upper Case,004B,
2512,Duplex,Roman Upper Case,004C,
2513,Duplex,Roman Upper Case,004D,
2514,Duplex,Roman Upper Case,004E,
2515,Duplex,Roman Upper Case,004F,
2516,Duplex,Roman Upper Case,0050,
2517,Duplex,Roman Upper Case,0051,
2518,Duplex,Roman Upper Case,0052,
2519,Duplex,Roman Upper Case,0053,
2520,Duplex,Roman Upper Case,0054,
2521,Duplex,Roman Upper Case,0055,
2522,Duplex,Roman Upper Case,0056,
2523,Duplex,Roman Upper Case,0057,
2524,Duplex,Roman Upper Case,0058,
2525,Duplex,Roman Upper Case,0059,
2526,Duplex,Roman Upper Case,005A,
2551,Complex Script,Roman Upper Case,0041,
2552,Complex Script,Roman Upper Case,0042,
2553,Complex Script,Roman Upper Case,0043,
2554,Complex Script,Roman Upper Case,0044,
2555,Complex Script,Roman Upper Case,0045,
2556,Complex Script,Roman Upper Case,0046,
2557,Complex Script,Roman Upper Case,0047,
2558,Complex Script,Roman Upper Case,0048,
2559,Complex Script,Roman Upper Case,0049,
2560,Complex Script,Roman Upper Case,004A,
2561,Complex Script,Roman Upper Case,004B,
2562,Complex Script,Roman Upper Case,004C,
2563,Complex Script,Roman Upper Case,004D,
2564,Complex Script,Roman Upper Case,004E,
2565,Complex Script,Roman Upper Case,004F,
2566,Complex Script,Roman Upper Case,0050,
2567,Complex Script,Roman Upper Case,0051,
2568,Complex Script,Roman Upper Case,0052,
2569,Complex Script,Roman Upper Case,0053,
2570,Complex Script,Roman Upper Case,0054,
2571,Complex Script,Roman Upper Case,0055,
2572,Complex Script,Roman Upper Case,0056,
2573,Complex Script,Roman Upper Case,0057,
2574,Complex Script,Roman Upper Case,0058,
2575,Complex Script,Roman Upper Case,0059,
2576,Complex Script,Roman Upper Case,005A,
2601,Duplex,Roman Lower Case,0061,
2602,Duplex,Roman Lower Case,0062,
2603,Duplex,Roman Lower Case,0063,
2604,Duplex,Roman Lower Case,0064,
2605,Duplex,Roman Lower Case,0065,
2606,Duplex,Roman Lower Case,0066,
2607,Duplex,Roman Lower Case,0067,
2608,Duplex,Roman Lower Case,0068,
2609,Duplex,Roman Lower Case,0069,
2610,Duplex,Roman Lower Case,006A,
2611,Duplex,Roman Lower Case,006B,
2612,Duplex,Roman Lower Case,006C,
2613,Duplex,Roman Lower Case,006D,
2614,Duplex,Roman Lower Case,006E,
2615,Duplex,Roman Lower Case,006F,
2616,Duplex,Roman Lower Case,0070,
2617,Duplex,Roman Lower Case,0071,
2618,Duplex,Roman Lower Case,0072,
2619,Duplex,Roman Lower Case,0073,
2620,Duplex,Roman Lower Case,0074,
2621,Duplex,Roman Lower Case,0075,
2622,Duplex,Roman Lower Case,0076,
2623,Duplex,Roman Lower Case,0077,
2624,Duplex,Roman Lower Case,0078,
2625,Duplex,Roman Lower Case,0079,
2626,Duplex,Roman Lower Case,007A,
2651,Complex Script,Roman Lower Case,0061,
2652,Complex Script,Roman Lower Case,0062,
2653,Complex Script,Roman Lower Case,0063,
2654,Complex Script,Roman Lower Case,0064,
2655,Complex Script,Roman Lower Case,0065,
2656,Complex Script,Roman Lower Case,0066,
2657,Complex Script,Roman Lower Case,0067,
2658,Complex Script,Roman Lower Case,0068,
2659,Complex Script,Roman Lower Case,0069,
2660,Complex Script,Roman Lower Case,006A,
2661,Complex Script,Roman Lower Case,006B,
2662,Complex Script,Roman Lower Case,006C,
2663,Complex Script,Roman Lower Case,006D,
2664,Complex Script,Roman Lower Case,006E,
2665,Complex Script,Roman Lower Case,006F,
2666,Complex Script,Roman Lower Case,0070,
2667,Complex Script,Roman Lower Case,0071,
2668,Complex Script,Roman Lower Case,0072,
2669,Complex Script,Roman Lower Case,0073,
2670,Complex Script,Roman Lower Case,0074,
2671,Complex Script,Roman Lower Case,0075,
2672,Complex Script,Roman Lower Case,0076,
2673,Complex Script,Roman Lower Case,0077,
2674,Complex Script,Roman Lower Case,0078,
2675,Complex Script,Roman Lower Case,0079,
2676,Complex Script,Roman Lower Case,007A,
2697,Duplex,Blank,200B,
2698,Duplex,Blank,0020,
2699,Duplex,Blank,2002,
2700,Duplex,Numeral Zero,0030,
2701,Duplex,Numeral One,0031,
2702,Duplex,Numeral Two,0032,
2703,Duplex,Numeral Three,0033,
2704,Duplex,Numeral Four,0034,
2705,Duplex,Numeral Five,0035,
2706,Duplex,Numeral Six,0036,
2707,Duplex,Numeral Seven,0037,
2708,Duplex,Numeral Eight,0038,
2709,Duplex,Numeral Nine,0039,
2710,Duplex,Period,002E,
2711,Duplex,Comma,002C,
2712,Duplex,Colon,003A,
2713,Duplex,Semicolon,003B,
2714,Duplex,Exclamation,0021,
2715,Duplex,Interrogation,003F,
2716,Duplex,Left Quotation,2018,
2717,Duplex,Right Quotation,2019,
2718,Duplex,Ampersand,0026,
2719,Duplex,Dollar,0024,
2720,Duplex,Solidus,002F,
2721,Duplex,Left Parenthesis,0028,
2722,Duplex,Right Parenthesis,0029,
2723,Duplex,Asterisk,002A,
2724,Duplex,Subtraction,2212,
2725,Duplex,Addition,002B,
2726,Duplex,Equality,003D,
2727,Duplex,Prime,2032,
2728,Duplex,Second,2033,
2729,Duplex,Degree,00B0,
2747,Complex Script,Blank,200B,
2748,Complex Script,Blank,0020,
2749,Complex Script,Blank,2002,
2750,Complex Script,Numeral Zero,0030,
2751,Complex Script,Numeral One,0031,
2752,Complex Script,Numeral Two,0032,
2753,Complex Script,Numeral Three,0033,
2754,Complex Script,Numeral Four,0034,
2755,Complex Script,Numeral Five,0035,
2756,Complex Script,Numeral Six,0036,
2757,Complex Script,Numeral Seven,0037,
2758,Complex Script,Numeral Eight,0038,
2759,Complex Script,Numeral Nine,0039,
2760,Complex Script,Period,002E,
2761,Complex Script,Comma,002C,
2762,Complex Script,Colon,003A,
2763,Complex Script,Semicolon,003B,
2764,Complex Script,Exclamation,0021,
2765,Complex Script,Interrogation,003F,
2766,Complex Script,Left Quotation,2018,
2767,Complex Script,Right Quotation,2019,
2768,Complex Script,Ampersand,0026,
2769,Complex Script,Dollar,0024,
2770,Complex Script,Solidus,002F,
2771,Complex Script,Left Parenthesis,0028,
2772,Complex Script,Right Parenthesis,0029,
2773,Complex Script,Asterisk,002A,
2774,Complex Script,Subtraction,2212,
2775,Complex Script,Addition,002B,
2776,Complex Script,Equality,003D,
2777,Complex Script,Prime,2032,
2778,Complex Script,Second,2033,
2779,Complex Script,Degree,00B0,
2801,Complex,Cyrillic Upper Case,0410,
2802,Complex,Cyrillic Upper Case,0411,
2803,Complex,Cyrillic Upper Case,0412,
2804,Complex,Cyrillic Upper Case,0413,
2805,Complex,Cyrillic Upper Case,0414,
2806,Complex,Cyrillic Upper Case,0415,
2807,Complex,Cyrillic Upper Case,0416,
2808,Complex,Cyrillic Upper Case,0417,
2809,Complex,Cyrillic Upper Case,0418,
2810,Complex,Cyrillic Upper Case,0419,
2811,Complex,Cyrillic Upper Case,041A,
2812,Complex,Cyrillic Upper Case,041B,
2813,Complex,Cyrillic Upper Case,041C,
2814,Complex,Cyrillic Upper Case,041D,
2815,Complex,Cyrillic Upper Case,041E,
2816,Complex,Cyrillic Upper Case,041F,
2817,Complex,Cyrillic Upper Case,0420,
2818,Complex,Cyrillic Upper Case,0421,
2819,Complex,Cyrillic Upper Case,0422,
2820,Complex,Cyrillic Upper Case,0423,
2821,Complex,Cyrillic Upper Case,0424,
2822,Complex,Cyrillic Upper Case,0425,
2823,Complex,Cyrillic Upper Case,0426,
2824,Complex,Cyrillic Upper Case,0427,
2825,Complex,Cyrillic Upper Case,0428,
2826,Complex,Cyrillic Upper Case,0429,
2827,Complex,Cyrillic Upper Case,042A,
2828,Complex,Cyrillic Upper Case,042B,
2829,Complex,Cyrillic Upper Case,042C,
2830,Complex,Cyrillic Upper Case,042D,
2831,Complex,Cyrillic Upper Case,042E,
2832,Complex,Cyrillic Upper Case,042F,
2901,Complex,Cyrillic Lower Case,0430,
2902,Complex,Cyrillic Lower Case,0431,
2903,Complex,Cyrillic Lower Case,0432,
2904,Complex,Cyrillic Lower Case,0433,
2905,Complex,Cyrillic Lower Case,0434,
2906,Complex,Cyrillic Lower Case,0435,
2907,Complex,Cyrillic Lower Case,0436,
2908,Complex,Cyrillic Lower Case,0437,
2909,Complex,Cyrillic Lower Case,0438,
2910,Complex,Cyrillic Lower Case,0439,
2911,Complex,Cyrillic Lower Case,043A,
2912,Complex,Cyrillic Lower Case,043B,
2913,Complex,Cyrillic Lower Case,043C,
2914,Complex,Cyrillic Lower Case,043D,
2915,Complex,Cyrillic Lower Case,043E,
2916,Complex,Cyrillic Lower Case,043F,
2917,Complex,Cyrillic Lower Case,0440,
2918,Complex,Cyrillic Lower Case,0441,
2919,Complex,Cyrillic Lower Case,0442,
2920,Complex,Cyrillic Lower Case,0443,
2921,Complex,Cyrillic Lower Case,0444,
2922,Complex,Cyrillic Lower Case,0445,
2923,Complex,Cyrillic Lower Case,0446,
2924,Complex,Cyrillic Lower Case,0447,
2925,Complex,Cyrillic Lower Case,0448,
2926,Complex,Cyrillic Lower Case,0449,
2927,Complex,Cyrillic Lower Case,044A,
2928,Complex,Cyrillic Lower Case,044B,
2929,Complex,Cyrillic Lower Case,044C,
2930,Complex,Cyrillic Lower Case,044D,
2931,Complex,Cyrillic Lower Case,044E,
2932,Complex,Cyrillic Lower Case,044F,
3001,Triplex,Roman Upper Case,0041,
3002,Triplex,Roman Upper Case,0042,
3003,Triplex,Roman Upper Case,0043,
3004,Triplex,Roman Upper Case,0044,
3005,Triplex,Roman Upper Case,0045,
3006,Triplex,Roman Upper Case,0046,
3007,Triplex,Roman Upper Case,0047,
3008,Triplex,Roman Upper Case,0048,
3009,Triplex,Roman Upper Case,0049,
3010,Triplex,Roman Upper Case,004A,
3011,Triplex,Roman Upper Case,004B,
3012,Triplex,Roman Upper Case,004C,
3013,Triplex,Roman Upper Case,004D,
3014,Triplex,Roman Upper Case,004E,
3015,Triplex,Roman Upper Case,004F,
3016,Triplex,Roman Upper Case,0050,
3017,Triplex,Roman Upper Case,0051,
3018,Triplex,Roman Upper Case,0052,
3019,Triplex,Roman Upper Case,0053,
3020,Triplex,Roman Upper Case,0054,
3021,Triplex,Roman Upper Case,0055,
3022,Triplex,Roman Upper Case,0056,
3023,Triplex,Roman Upper Case,0057,
3024,Triplex,Roman Upper Case,0058,
3025,Triplex,Roman Upper Case,0059,
3026,Triplex,Roman Upper Case,005A,
3051,Triplex Italic,Roman Upper Case,0041,
3052,Triplex Italic,Roman Upper Case,0042,
3053,Triplex Italic,Roman Upper Case,0043,
3054,Triplex Italic,Roman Upper Case,0044,
3055,Triplex Italic,Roman Upper Case,0045,
3056,Triplex Italic,Roman Upper Case,0046,
3057,Triplex Italic,Roman Upper Case,0047,
3058,Triplex Italic,Roman Upper Case,0048,
3059,Triplex Italic,Roman Upper Case,0049,
3060,Triplex Italic,Roman Upper Case,004A,
3061,Triplex Italic,Roman Upper Case,004B,
3062,Triplex Italic,Roman Upper Case,004C,
3063,Triplex Italic,Roman Upper Case,004D,
3064,Triplex Italic,Roman Upper Case,004E,
3065,Triplex Italic,Roman Upper Case,004F,
3066,Triplex Italic,Roman Upper Case,0050,
3067,Triplex Italic,Roman Upper Case,0051,
3068,Triplex Italic,Roman Upper Case,0052,
3069,Triplex Italic,Roman Upper Case,0053,
3070,Triplex Italic,Roman Upper Case,0054,
3071,Triplex Italic,Roman Upper Case,0055,
3072,Triplex Italic,Roman Upper Case,0056,
3073,Triplex Italic,Roman Upper Case,0057,
3074,Triplex Italic,Roman Upper Case,0058,
3075,Triplex Italic,Roman Upper Case,0059,
3076,Triplex Italic,Roman Upper Case,005A,
3101,Triplex,Roman Lower Case,0061,
3102,Triplex,Roman Lower Case,0062,
3103,Triplex,Roman Lower Case,0063,
3104,Triplex,Roman Lower Case,0064,
3105,Triplex,Roman Lower Case,0065,
3106,Triplex,Roman Lower Case,0066,
3107,Triplex,Roman Lower Case,0067,
3108,Triplex,Roman Lower Case,0068,
3109,Triplex,Roman Lower Case,0069,
3110,Triplex,Roman Lower Case,006A,
3111,Triplex,Roman Lower Case,006B,
3112,Triplex,Roman Lower Case,006C,
3113,Triplex,Roman Lower Case,006D,
3114,Triplex,Roman Lower Case,006E,
3115,Triplex,Roman Lower Case,006F,
3116,Triplex,Roman Lower Case,0070,
3117,Triplex,Roman Lower Case,0071,
3118,Triplex,Roman Lower Case,0072,
3119,Triplex,Roman Lower Case,0073,
3120,Triplex,Roman Lower Case,0074,
3121,Triplex,Roman Lower Case,0075,
3122,Triplex,Roman Lower Case,0076,
3123,Triplex,Roman Lower Case,0077,
3124,Triplex,Roman Lower Case,0078,
3125,Triplex,Roman Lower Case,0079,
3126,Triplex,Roman Lower Case,007A,
3151,Triplex Italic,Roman Lower Case,0061,
3152,Triplex Italic,Roman Lower Case,0062,
3153,Triplex Italic,Roman Lower Case,0063,
3154,Triplex Italic,Roman Lower Case,0064,
3155,Triplex Italic,Roman Lower Case,0065,
3156,Triplex Italic,Roman Lower Case,0066,
3157,Triplex Italic,Roman Lower Case,0067,
3158,Triplex Italic,Roman Lower Case,0068,
3159,Triplex Italic,Roman Lower Case,0069,
3160,Triplex Italic,Roman Lower Case,006A,
3161,Triplex Italic,Roman Lower Case,006B,
3162,Triplex Italic,Roman Lower Case,006C,
3163,Triplex Italic,Roman Lower Case,006D,
3164,Triplex Italic,Roman Lower Case,006E,
3165,Triplex Italic,Roman Lower Case,006F,
3166,Triplex Italic,Roman Lower Case,0070,
3167,Triplex Italic,Roman Lower Case,0071,
3168,Triplex Italic,Roman Lower Case,0072,
3169,Triplex Italic,Roman Lower Case,0073,
3170,Triplex Italic,Roman Lower Case,0074,
3171,Triplex Italic,Roman Lower Case,0075,
3172,Triplex Italic,Roman Lower Case,0076,
3173,Triplex Italic,Roman Lower Case,0077,
3174,Triplex Italic,Roman Lower Case,0078,
3175,Triplex Italic,Roman Lower Case,0079,
3176,Triplex Italic,Roman Lower Case,007A,
3197,Triplex,Blank,200B,
3198,Triplex,Blank,0020,
3199,Triplex,Blank,2002,
3200,Triplex,Numeral Zero,0030,
3201,Triplex,Numeral One,0031,
3202,Triplex,Numeral Two,0032,
3203,Triplex,Numeral Three,0033,
3204,Triplex,Numeral Four,0034,
3205,Triplex,Numeral Five,0035,
3206,Triplex,Numeral Six,0036,
3207,Triplex,Numeral Seven,0037,
3208,Triplex,Numeral Eight,0038,
3209,Triplex,Numeral Nine,0039,
3210,Triplex,Period,002E,
3211,Triplex,Comma,002C,
3212,Triplex,Colon,003A,
3213,Triplex,Semicolon,003B,
3214,Triplex,Exclamation,0021,
3215,Triplex,Interrogation,003F,
3216,Triplex,Left Quotation,2018,
3217,Triplex,Right Quotation,2019,
3218,Triplex,Ampersand,0026,
3219,Triplex,Dollar,0024,
3220,Triplex,Solidus,002F,
3221,Triplex,Left Parenthesis,0028,
3222,Triplex,Right Parenthesis,0029,
3223,Triplex,Asterisk,002A,
3224,Triplex,Subtraction,2212,
3225,Triplex,Addition,002B,
3226,Triplex,Equality,003D,
3227,Triplex,Prime,2032,
3228,Triplex,Second,2033,
3229,Triplex,Degree,00B0,
3247,Triplex Italic,Blank,200B,
3248,Triplex Italic,Blank,0020,
3249,Triplex Italic,Blank,2002,
3250,Triplex Italic,Numeral Zero,0030,
3251,Triplex Italic,Numeral One,0031,
3252,Triplex Italic,Numeral Two,0032,
3253,Triplex Italic,Numeral Three,0033,
3254,Triplex Italic,Numeral Four,0034,
3255,Triplex Italic,Numeral Five,0035,
3256,Triplex Italic,Numeral Six,0036,
3257,Triplex Italic,Numeral Seven,0037,
3258,Triplex Italic,Numeral Eight,0038,
3259,Triplex Italic,Numeral Nine,0039,
3260,Triplex Italic,Period,002E,
3261,Triplex Italic,Comma,002C,
3262,Triplex Italic,Colon,003A,
3263,Triplex Italic,Semicolon,003B,
3264,Triplex Italic,Exclamation,0021,
3265,Triplex Italic,Interrogation,003F,
3266,Triplex Italic,Left Quotation,2018,
3267,Triplex Italic,Right Quotation,2019,
3268,Triplex Italic,Ampersand,0026,
3269,Triplex Italic,Dollar,0024,
3270,Triplex Italic,Solidus,002F,
3271,Triplex Italic,Left Parenthesis,0028,
3272,Triplex Italic,Right Parenthesis,0029,
3273,Triplex Italic,Asterisk,002A,
3274,Triplex Italic,Subtraction,2212,
3275,Triplex Italic,Addition,002B,
3276,Triplex Italic,Equality,003D,
3277,Triplex Italic,Prime,2032,
3278,Triplex Italic,Second,2033,
3279,Triplex Italic,Degree,00B0,
3301,German Gothic,Roman Upper Case,0041,
3302,German Gothic,Roman Upper Case,0042,
3303,German Gothic,Roman Upper Case,0043,
3304,German Gothic,Roman Upper Case,0044,
3305,German Gothic,Roman Upper Case,0045,
3306,German Gothic,Roman Upper Case,0046,
3307,German Gothic,Roman Upper Case,0047,
3308,German Gothic,Roman Upper Case,0048,
3309,German Gothic,Roman Upper Case,0049,
3310,German Gothic,Roman Upper Case,004A,
3311,German Gothic,Roman Upper Case,004B,
3312,German Gothic,Roman Upper Case,004C,
3313,German Gothic,Roman Upper Case,004D,
3314,German Gothic,Roman Upper Case,004E,
3315,German Gothic,Roman Upper Case,004F,
3316,German Gothic,Roman Upper Case,0050,
3317,German Gothic,Roman Upper Case,0051,
3318,German Gothic,Roman Upper Case,0052,
3319,German Gothic,Roman Upper Case,0053,
3320,German Gothic,Roman Upper Case,0054,
3321,German Gothic,Roman Upper Case,0055,
3322,German Gothic,Roman Upper Case,0056,
3323,German Gothic,Roman Upper Case,0057,
3324,German Gothic,Roman Upper Case,0058,
3325,German Gothic,Roman Upper Case,0059,
3326,German Gothic,Roman Upper Case,005A,
3401,German Gothic,Roman Lower Case,0061,
3402,German Gothic,Roman Lower Case,0062,
3403,German Gothic,Roman Lower Case,0063,
3404,German Gothic,Roman Lower Case,0064,
3405,German Gothic,Roman Lower Case,0065,
3406,German Gothic,Roman Lower Case,0066,
3407,German Gothic,Roman Lower Case,0067,
3408,German Gothic,Roman Lower Case,0068,
3409,German Gothic,Roman Lower Case,0069,
3410,German Gothic,Roman Lower Case,006A,
3411,German Gothic,Roman Lower Case,006B,
3412,German Gothic,Roman Lower Case,006C,
3413,German Gothic,Roman Lower Case,006D,
3414,German Gothic,Roman Lower Case,006E,
3415,German Gothic,Roman Lower Case,006F,
3416,German Gothic,Roman Lower Case,0070,
3417,German Gothic,Roman Lower Case,0071,
3418,German Gothic,Roman Lower Case,0072,
3419,German Gothic,Roman Lower Case,017F,
3420,German Gothic,Roman Lower Case,0074,
3421,German Gothic,Roman Lower Case,0075,
3422,German Gothic,Roman Lower Case,0076,
3423,German Gothic,Roman Lower Case,0077,
3424,German Gothic,Roman Lower Case,0078,
3425,German Gothic,Roman Lower Case,0079,
3426,German Gothic,Roman Lower Case,007A,
3427,German Gothic,,0073,
3428,German Gothic,,00DF,
3429,German Gothic,,tz ligature,
3501,English Gothic,Roman Upper Case,0041,
3502,English Gothic,Roman Upper Case,0042,
3503,English Gothic,Roman Upper Case,0043,
3504,English Gothic,Roman Upper Case,0044,
3505,English Gothic,Roman Upper Case,0045,
3506,English Gothic,Roman Upper Case,0046,
3507,English Gothic,Roman Upper Case,0047,
3508,English Gothic,Roman Upper Case,0048,
3509,English Gothic,Roman Upper Case,0049,
3510,English Gothic,Roman Upper Case,004A,
3511,English Gothic,Roman Upper Case,004B,
3512,English Gothic,Roman Upper Case,004C,
3513,English Gothic,Roman Upper Case,004D,
3514,English Gothic,Roman Upper Case,004E,
3515,English Gothic,Roman Upper Case,004F,
3516,English Gothic,Roman Upper Case,0050,
3517,English Gothic,Roman Upper Case,0051,
3518,English Gothic,Roman Upper Case,0052,
3519,English Gothic,Roman Upper Case,0053,
3520,English Gothic,Roman Upper Case,0054,
3521,English Gothic,Roman Upper Case,0055,
3522,English Gothic,Roman Upper Case,0056,
3523,English Gothic,Roman Upper Case,0057,
3524,English Gothic,Roman Upper Case,0058,
3525,English Gothic,Roman Upper Case,0059,
3526,English Gothic,Roman Upper Case,005A,
3601,English Gothic,Roman Lower Case,0061,
3602,English Gothic,Roman Lower Case,0062,
3603,English Gothic,Roman Lower Case,0063,
3604,English Gothic,Roman Lower Case,0064,
3605,English Gothic,Roman Lower Case,0065,
3606,English Gothic,Roman Lower Case,0066,
3607,English Gothic,Roman Lower Case,0067,
3608,English Gothic,Roman Lower Case,0068,
3609,English Gothic,Roman Lower Case,0069,
3610,English Gothic,Roman Lower Case,006A,
3611,English Gothic,Roman Lower Case,006B,
3612,English Gothic,Roman Lower Case,006C,
3613,English Gothic,Roman Lower Case,006D,
3614,English Gothic,Roman Lower Case,006E,
3615,English Gothic,Roman Lower Case,006F,
3616,English Gothic,Roman Lower Case,0070,
3617,English Gothic,Roman Lower Case,0071,
3618,English Gothic,Roman Lower Case,0072,
3619,English Gothic,Roman Lower Case,0073,
3620,English Gothic,Roman Lower Case,0074,
3621,English Gothic,Roman Lower Case,0075,
3622,English Gothic,Roman Lower Case,0076,
3623,English Gothic,Roman Lower Case,0077,
3624,English Gothic,Roman Lower Case,0078,
3625,English Gothic,Roman Lower Case,0079,
3626,English Gothic,Roman Lower Case,007A,
3697,English Gothic,Blank,200B,
3698,English Gothic,Blank,0020,
3699,English Gothic,Blank,2002,
3700,English Gothic,Numeral Zero,0030,
3701,English Gothic,Numeral One,0031,
3702,English Gothic,Numeral Two,0032,
3703,English Gothic,Numeral Three,0033,
3704,English Gothic,Numeral Four,0034,
3705,English Gothic,Numeral Five,0035,
3706,English Gothic,Numeral Six,0036,
3707,English Gothic,Numeral Seven,0037,
3708,English Gothic,Numeral Eight,0038,
3709,English Gothic,Numeral Nine,0039,
3710,English Gothic,Period,002E,
3711,English Gothic,Comma,002C,
3712,English Gothic,Colon,003A,
3713,English Gothic,Semicolon,003B,
3714,English Gothic,Exclamation,0021,
3715,English Gothic,Interrogation,003F,
3716,English Gothic,Left Quotation,2018,
3717,English Gothic,Right Quotation,2019,
3718,English Gothic,Ampersand,0026,
3719,English Gothic,Dollar,0024,
3720,English Gothic,Solidus,002F,
3721,English Gothic,Left Parenthesis,0028,
3722,English Gothic,Right Parenthesis,0029,
3723,English Gothic,Asterisk,002A,
3724,English Gothic,Subtraction,2212,
3725,English Gothic,Addition,002B,
3726,English Gothic,Equality,003D,
3727,English Gothic,Prime,2032,
3728,English Gothic,Second,2033,
3729,English Gothic,Degree,00B0,
3801,Italian Gothic,Roman Upper Case,0041,
3802,Italian Gothic,Roman Upper Case,0042,
3803,Italian Gothic,Roman Upper Case,0043,
3804,Italian Gothic,Roman Upper Case,0044,
3805,Italian Gothic,Roman Upper Case,0045,
3806,Italian Gothic,Roman Upper Case,0046,
3807,Italian Gothic,Roman Upper Case,0047,
3808,Italian Gothic,Roman Upper Case,0048,
3809,Italian Gothic,Roman Upper Case,0049,
3810,Italian Gothic,Roman Upper Case,004A,
3811,Italian Gothic,Roman Upper Case,004B,
3812,Italian Gothic,Roman Upper Case,004C,
3813,Italian Gothic,Roman Upper Case,004D,
3814,Italian Gothic,Roman Upper Case,004E,
3815,Italian Gothic,Roman Upper Case,004F,
3816,Italian Gothic,Roman Upper Case,0050,
3817,Italian Gothic,Roman Upper Case,0051,
3818,Italian Gothic,Roman Upper Case,0052,
3819,Italian Gothic,Roman Upper Case,0053,
3820,Italian Gothic,Roman Upper Case,0054,
3821,Italian Gothic,Roman Upper Case,0055,
3822,Italian Gothic,Roman Upper Case,0056,
3823,Italian Gothic,Roman Upper Case,0057,
3824,Italian Gothic,Roman Upper Case,0058,
3825,Italian Gothic,Roman Upper Case,0059,
3826,Italian Gothic,Roman Upper Case,005A,
3901,Italian Gothic,Roman Lower Case,0061,
3902,Italian Gothic,Roman Lower Case,0062,
3903,Italian Gothic,Roman Lower Case,0063,
3904,Italian Gothic,Roman Lower Case,0064,
3905,Italian Gothic,Roman Lower Case,0065,
3906,Italian Gothic,Roman Lower Case,0066,
3907,Italian Gothic,Roman Lower Case,0067,
3908,Italian Gothic,Roman Lower Case,0068,
3909,Italian Gothic,Roman Lower Case,0069,
3910,Italian Gothic,Roman Lower Case,006A,
3911,Italian Gothic,Roman Lower Case,006B,
3912,Italian Gothic,Roman Lower Case,006C,
3913,Italian Gothic,Roman Lower Case,006D,
3914,Italian Gothic,Roman Lower Case,006E,
3915,Italian Gothic,Roman Lower Case,006F,
3916,Italian Gothic,Roman Lower Case,0070,
3917,Italian Gothic,Roman Lower Case,0071,
3918,Italian Gothic,Roman Lower Case,0072,
3919,Italian Gothic,Roman Lower Case,0073,
3920,Italian Gothic,Roman Lower Case,0074,
3921,Italian Gothic,Roman Lower Case,0075,
3922,Italian Gothic,Roman Lower Case,0076,
3923,Italian Gothic,Roman Lower Case,0077,
3924,Italian Gothic,Roman Lower Case,0078,
3925,Italian Gothic,Roman Lower Case,0079,
3926,Italian Gothic,Roman Lower Case,007A,
